,Equity,DrawdownPct,DrawdownDuration
2023-12-27 20:15:00+00:00,1000000000.0,0.0,
2023-12-27 20:30:00+00:00,1000000000.0,0.0,
2023-12-27 20:45:00+00:00,999999969.1147339,3.08852660113601e-08,
2023-12-28 14:30:00+00:00,1000000060.1151001,0.0,0 days 18:00:00
2023-12-28 14:45:00+00:00,1000000162.6144898,0.0,
2023-12-28 15:00:00+00:00,1000000131.1142457,3.150023897280363e-08,
2023-12-28 15:15:00+00:00,1000000145.1157105,1.749877642787112e-08,
2023-12-28 15:30:00+00:00,1000000128.1143677,3.450011643035822e-08,
2023-12-28 15:45:00+00:00,1000000057.1152222,1.0549925044678332e-07,
2023-12-28 16:00:00+00:00,1000000038.1149781,1.2449949149395678e-07,
2023-12-28 16:15:00+00:00,1000000036.1160767,1.2649839253864315e-07,
2023-12-28 16:30:00+00:00,1000000097.6151001,6.499937910131592e-08,
2023-12-28 16:45:00+00:00,1000000091.114856,7.149962211183691e-08,
2023-12-28 17:00:00+00:00,1000000077.6138794,8.500059656135761e-08,
2023-12-28 17:15:00+00:00,1000000096.1136353,6.650084372061826e-08,
2023-12-28 17:30:00+00:00,1000000126.1154664,3.649901747504458e-08,
2023-12-28 17:45:00+00:00,1000000128.1143677,3.450011643035822e-08,
2023-12-28 18:00:00+00:00,1000000108.1161988,5.4498282109349816e-08,
2023-12-28 18:15:00+00:00,1000000125.1144898,3.749999388791281e-08,
2023-12-28 18:30:00+00:00,1000000169.6152222,0.0,0 days 03:45:00
2023-12-28 18:45:00+00:00,1000000170.0241578,0.0,
2023-12-28 19:00:00+00:00,1000000179.1153443,0.0,
2023-12-28 19:15:00+00:00,1000000226.1154664,0.0,
2023-12-28 19:30:00+00:00,1000000208.1161988,1.799926352408221e-08,
2023-12-28 19:45:00+00:00,1000000212.1140015,1.4001461656754088e-08,
2023-12-28 20:00:00+00:00,1000000205.6137574,2.050170433420817e-08,
2023-12-28 20:15:00+00:00,1000000224.1135132,2.0019527147141503e-09,
2023-12-28 20:30:00+00:00,1000000298.1155884,0.0,0 days 01:15:00
2023-12-28 20:45:00+00:00,1000000162.1140015,1.360015463580666e-07,
2023-12-29 14:30:00+00:00,1000000215.1138794,8.30016841923964e-08,
2023-12-29 14:45:00+00:00,1000000299.1135132,0.0,0 days 18:15:00
2023-12-29 15:00:00+00:00,1000000262.1140015,3.6999500685475084e-08,
2023-12-29 15:15:00+00:00,1000000233.1161988,6.599729474032756e-08,
2023-12-29 15:30:00+00:00,1000000145.1157105,1.539977566578088e-07,
2023-12-29 15:45:00+00:00,1000000129.1153443,1.6999811813800392e-07,
2023-12-29 16:00:00+00:00,1000000041.114856,2.5799858005548515e-07,
2023-12-29 16:15:00+00:00,999999954.6158326,3.4449757757570865e-07,
2023-12-29 16:30:00+00:00,999999941.6153443,3.574980620424384e-07,
2023-12-29 16:45:00+00:00,999999993.1137574,3.059996643850482e-07,
2023-12-29 17:00:00+00:00,999999890.1138794,4.0899951148087865e-07,
2023-12-29 17:15:00+00:00,999999922.1146119,3.769987886315107e-07,
2023-12-29 17:30:00+00:00,999999995.1157105,3.0399771178135637e-07,
2023-12-29 17:45:00+00:00,1000000008.3359253,2.907775009663993e-07,
2023-12-29 18:00:00+00:00,1000000041.114856,2.5799858005548515e-07,
2023-12-29 18:15:00+00:00,999999987.8860962,3.1122732391253294e-07,
2023-12-29 18:30:00+00:00,1000000065.1138794,2.339995638367398e-07,
2023-12-29 18:45:00+00:00,1000000018.1137574,2.8099967175343465e-07,
2023-12-29 19:00:00+00:00,1000000057.1152222,2.4199821857529e-07,
2023-12-29 19:15:00+00:00,1000000077.1133912,2.22000055671856e-07,
2023-12-29 19:30:00+00:00,1000000111.6135132,1.8749994390443447e-07,
2023-12-29 19:45:00+00:00,1000000120.1157105,1.7899774917840006e-07,
2023-12-29 20:00:00+00:00,1000000134.6146119,1.6449885220648497e-07,
2023-12-29 20:15:00+00:00,1000000143.1137574,1.5599970915047834e-07,
2023-12-29 20:30:00+00:00,1000000085.2158082,2.1389764104373654e-07,
2023-12-29 20:45:00+00:00,1000000027.1133912,2.720000407130385e-07,
2024-01-02 14:30:00+00:00,999999840.0496453,4.590637305845746e-07,
2024-01-02 14:45:00+00:00,999999840.0496453,4.590637305845746e-07,
2024-01-02 15:00:00+00:00,999999840.0496453,4.590637305845746e-07,
2024-01-02 15:15:00+00:00,999999840.0496453,4.590637305845746e-07,
2024-01-02 15:30:00+00:00,999999840.0496453,4.590637305845746e-07,
2024-01-02 15:45:00+00:00,999999840.0496453,4.590637305845746e-07,
2024-01-02 16:00:00+00:00,999999840.0496453,4.590637305845746e-07,
2024-01-02 16:15:00+00:00,999999840.0496453,4.590637305845746e-07,
2024-01-02 16:30:00+00:00,999999840.0496453,4.590637305845746e-07,
2024-01-02 16:45:00+00:00,999999840.0496453,4.590637305845746e-07,
2024-01-02 17:00:00+00:00,999999840.0496453,4.590637305845746e-07,
2024-01-02 17:15:00+00:00,999999840.0496453,4.590637305845746e-07,
2024-01-02 17:30:00+00:00,999999840.0496453,4.590637305845746e-07,
2024-01-02 17:45:00+00:00,999999840.0496453,4.590637305845746e-07,
2024-01-02 18:00:00+00:00,999999840.0496453,4.590637305845746e-07,
2024-01-02 18:15:00+00:00,999999840.0496453,4.590637305845746e-07,
2024-01-02 18:30:00+00:00,999999840.0496453,4.590637305845746e-07,
2024-01-02 18:45:00+00:00,999999840.0496453,4.590637305845746e-07,
2024-01-02 19:00:00+00:00,999999840.0496453,4.590637305845746e-07,
2024-01-02 19:15:00+00:00,999999840.0496453,4.590637305845746e-07,
2024-01-02 19:30:00+00:00,999999840.0496453,4.590637305845746e-07,
2024-01-02 19:45:00+00:00,999999840.0496453,4.590637305845746e-07,
2024-01-02 20:00:00+00:00,999999840.0496453,4.590637305845746e-07,
2024-01-02 20:15:00+00:00,999999840.0496453,4.590637305845746e-07,
2024-01-02 20:30:00+00:00,999999840.0496453,4.590637305845746e-07,
2024-01-02 20:45:00+00:00,999999840.0496453,4.590637305845746e-07,
2024-01-03 14:30:00+00:00,999999840.0496453,4.590637305845746e-07,
2024-01-03 14:45:00+00:00,999999840.0496453,4.590637305845746e-07,
2024-01-03 15:00:00+00:00,999999840.0496453,4.590637305845746e-07,
2024-01-03 15:15:00+00:00,999999840.0496453,4.590637305845746e-07,
2024-01-03 15:30:00+00:00,999999840.0496453,4.590637305845746e-07,
2024-01-03 15:45:00+00:00,999999840.0496453,4.590637305845746e-07,
2024-01-03 16:00:00+00:00,999999840.0496453,4.590637305845746e-07,
2024-01-03 16:15:00+00:00,999999840.0496453,4.590637305845746e-07,
2024-01-03 16:30:00+00:00,999999840.0496453,4.590637305845746e-07,
2024-01-03 16:45:00+00:00,999999840.0496453,4.590637305845746e-07,
2024-01-03 17:00:00+00:00,999999840.0496453,4.590637305845746e-07,
2024-01-03 17:15:00+00:00,999999840.0496453,4.590637305845746e-07,
2024-01-03 17:30:00+00:00,999999840.0496453,4.590637305845746e-07,
2024-01-03 17:45:00+00:00,999999840.0496453,4.590637305845746e-07,
2024-01-03 18:00:00+00:00,999999840.0496453,4.590637305845746e-07,
2024-01-03 18:15:00+00:00,999999840.0496453,4.590637305845746e-07,
2024-01-03 18:30:00+00:00,999999840.0496453,4.590637305845746e-07,
2024-01-03 18:45:00+00:00,999999840.0496453,4.590637305845746e-07,
2024-01-03 19:00:00+00:00,999999840.0496453,4.590637305845746e-07,
2024-01-03 19:15:00+00:00,999999840.0496453,4.590637305845746e-07,
2024-01-03 19:30:00+00:00,999999840.0496453,4.590637305845746e-07,
2024-01-03 19:45:00+00:00,999999840.0496453,4.590637305845746e-07,
2024-01-03 20:00:00+00:00,999999840.0496453,4.590637305845746e-07,
2024-01-03 20:15:00+00:00,999999840.0496453,4.590637305845746e-07,
2024-01-03 20:30:00+00:00,999999840.0496453,4.590637305845746e-07,
2024-01-03 20:45:00+00:00,999999840.0496453,4.590637305845746e-07,
2024-01-04 14:30:00+00:00,999999840.0496453,4.590637305845746e-07,
2024-01-04 14:45:00+00:00,999999840.0496453,4.590637305845746e-07,
2024-01-04 15:00:00+00:00,999999840.0496453,4.590637305845746e-07,
2024-01-04 15:15:00+00:00,999999840.0496453,4.590637305845746e-07,
2024-01-04 15:30:00+00:00,999999840.0496453,4.590637305845746e-07,
2024-01-04 15:45:00+00:00,999999840.0496453,4.590637305845746e-07,
2024-01-04 16:00:00+00:00,999999840.0496453,4.590637305845746e-07,
2024-01-04 16:15:00+00:00,999999840.0496453,4.590637305845746e-07,
2024-01-04 16:30:00+00:00,999999840.0496453,4.590637305845746e-07,
2024-01-04 16:45:00+00:00,999999840.0496453,4.590637305845746e-07,
2024-01-04 17:00:00+00:00,999999840.0496453,4.590637305845746e-07,
2024-01-04 17:15:00+00:00,999999840.0496453,4.590637305845746e-07,
2024-01-04 17:30:00+00:00,999999840.0496453,4.590637305845746e-07,
2024-01-04 17:45:00+00:00,999999840.0496453,4.590637305845746e-07,
2024-01-04 18:00:00+00:00,999999840.0496453,4.590637305845746e-07,
2024-01-04 18:15:00+00:00,999999840.0496453,4.590637305845746e-07,
2024-01-04 18:30:00+00:00,999999840.0496453,4.590637305845746e-07,
2024-01-04 18:45:00+00:00,999999840.0496453,4.590637305845746e-07,
2024-01-04 19:00:00+00:00,999999840.0496453,4.590637305845746e-07,
2024-01-04 19:15:00+00:00,999999840.0496453,4.590637305845746e-07,
2024-01-04 19:30:00+00:00,999999840.0496453,4.590637305845746e-07,
2024-01-04 19:45:00+00:00,999999840.0496453,4.590637305845746e-07,
2024-01-04 20:00:00+00:00,999999840.0496453,4.590637305845746e-07,
2024-01-04 20:15:00+00:00,999999840.0496453,4.590637305845746e-07,
2024-01-04 20:30:00+00:00,999999840.0496453,4.590637305845746e-07,
2024-01-04 20:45:00+00:00,999999840.0496453,4.590637305845746e-07,
2024-01-05 14:30:00+00:00,999999840.0496453,4.590637305845746e-07,
2024-01-05 14:45:00+00:00,999999840.0496453,4.590637305845746e-07,
2024-01-05 15:00:00+00:00,999999840.0496453,4.590637305845746e-07,
2024-01-05 15:15:00+00:00,999999840.0496453,4.590637305845746e-07,
2024-01-05 15:30:00+00:00,999999840.0496453,4.590637305845746e-07,
2024-01-05 15:45:00+00:00,999999840.0496453,4.590637305845746e-07,
2024-01-05 16:00:00+00:00,999999840.0496453,4.590637305845746e-07,
2024-01-05 16:15:00+00:00,999999840.0496453,4.590637305845746e-07,
2024-01-05 16:30:00+00:00,999999840.0496453,4.590637305845746e-07,
2024-01-05 16:45:00+00:00,999999840.0496453,4.590637305845746e-07,
2024-01-05 17:00:00+00:00,999999840.0496453,4.590637305845746e-07,
2024-01-05 17:15:00+00:00,999999840.0496453,4.590637305845746e-07,
2024-01-05 17:30:00+00:00,999999840.0496453,4.590637305845746e-07,
2024-01-05 17:45:00+00:00,999999840.0496453,4.590637305845746e-07,
2024-01-05 18:00:00+00:00,999999840.0496453,4.590637305845746e-07,
2024-01-05 18:15:00+00:00,999999840.0496453,4.590637305845746e-07,
2024-01-05 18:30:00+00:00,999999840.0496453,4.590637305845746e-07,
2024-01-05 18:45:00+00:00,999999840.0496453,4.590637305845746e-07,
2024-01-05 19:00:00+00:00,999999840.0496453,4.590637305845746e-07,
2024-01-05 19:15:00+00:00,999999840.0496453,4.590637305845746e-07,
2024-01-05 19:30:00+00:00,999999840.0496453,4.590637305845746e-07,
2024-01-05 19:45:00+00:00,999999840.0496453,4.590637305845746e-07,
2024-01-05 20:00:00+00:00,999999840.0496453,4.590637305845746e-07,
2024-01-05 20:15:00+00:00,999999840.0496453,4.590637305845746e-07,
2024-01-05 20:30:00+00:00,999999840.0496453,4.590637305845746e-07,
2024-01-05 20:45:00+00:00,999999840.0496453,4.590637305845746e-07,
2024-01-08 14:30:00+00:00,999999840.0496453,4.590637305845746e-07,
2024-01-08 14:45:00+00:00,999999775.0407891,5.240725673427704e-07,
2024-01-08 15:00:00+00:00,999999671.5404229,6.27572902645035e-07,
2024-01-08 15:15:00+00:00,999999607.0548952,6.920584110226002e-07,
2024-01-08 15:30:00+00:00,999999607.0548952,6.920584110226002e-07,
2024-01-08 15:45:00+00:00,999999607.0548952,6.920584110226002e-07,
2024-01-08 16:00:00+00:00,999999607.0548952,6.920584110226002e-07,
2024-01-08 16:15:00+00:00,999999529.671094,7.694421891857317e-07,
2024-01-08 16:30:00+00:00,999999537.1692629,7.61944022431571e-07,
2024-01-08 16:45:00+00:00,999999558.1684084,7.40944883226291e-07,
2024-01-08 17:00:00+00:00,999999508.1684084,7.909448682674736e-07,
2024-01-08 17:15:00+00:00,999999524.1687746,7.749445067872784e-07,
2024-01-08 17:30:00+00:00,999999522.1698732,7.769434076099202e-07,
2024-01-08 17:45:00+00:00,999999519.9390383,7.791742419049896e-07,
2024-01-08 18:00:00+00:00,999999455.1685305,8.439447303221215e-07,
2024-01-08 18:15:00+00:00,999999453.1696291,8.459436311447632e-07,
2024-01-08 18:30:00+00:00,999999464.549634,8.345636296480663e-07,
2024-01-08 18:45:00+00:00,999999473.1708498,8.259424163492568e-07,
2024-01-08 19:00:00+00:00,999999508.6688967,7.904443801720618e-07,
2024-01-08 19:15:00+00:00,999999531.169507,7.679437764585018e-07,
2024-01-08 19:30:00+00:00,999999570.1709719,7.289423232803571e-07,
2024-01-08 19:45:00+00:00,999999670.6684084,6.284449168836304e-07,
2024-01-08 20:00:00+00:00,999999694.1699953,6.049433369792467e-07,
2024-01-08 20:15:00+00:00,999999645.1709719,6.539423457185833e-07,
2024-01-08 20:30:00+00:00,999999748.1708498,5.509424986227529e-07,
2024-01-08 20:45:00+00:00,999999794.1699953,5.049433668968817e-07,
2024-01-09 14:30:00+00:00,999999525.1697512,7.739435305964548e-07,
2024-01-09 14:45:00+00:00,999999589.1681643,7.09945136678769e-07,
2024-01-09 15:00:00+00:00,999999659.169385,6.399439368420801e-07,
2024-01-09 15:15:00+00:00,999999704.671094,5.944422414305706e-07,
2024-01-09 15:30:00+00:00,999999738.1702394,5.60943105964995e-07,
2024-01-09 15:45:00+00:00,999999701.1707277,5.979426066504701e-07,
2024-01-09 16:00:00+00:00,999999683.1806154,6.159327136101567e-07,
2024-01-09 16:15:00+00:00,999999742.171094,5.569422526496837e-07,
2024-01-09 16:30:00+00:00,999999711.6687746,5.87444562882844e-07,
2024-01-09 16:45:00+00:00,999999800.1697512,4.989436128699509e-07,
2024-01-09 17:00:00+00:00,999999817.171094,4.819422750879099e-07,
2024-01-09 17:15:00+00:00,999999806.169507,4.929438587319979e-07,
2024-01-09 17:30:00+00:00,999999812.1692629,4.869441047050671e-07,
2024-01-09 17:45:00+00:00,999999783.1684084,5.159449505409697e-07,
2024-01-09 18:00:00+00:00,999999793.1690187,5.059443431987276e-07,
2024-01-09 18:15:00+00:00,999999727.1686525,5.71944689609083e-07,
2024-01-09 18:30:00+00:00,999999710.1703615,5.889429754990516e-07,
2024-01-09 18:45:00+00:00,999999759.6698732,5.394434786643032e-07,
2024-01-09 19:00:00+00:00,999999752.1686525,5.469446970884917e-07,
2024-01-09 19:15:00+00:00,999999693.1690187,6.059443132810927e-07,
2024-01-09 19:30:00+00:00,999999616.1701174,6.829431915544859e-07,
2024-01-09 19:45:00+00:00,999999651.5399904,6.475733290711716e-07,
2024-01-09 20:00:00+00:00,999999638.1702394,6.6094307604736e-07,
2024-01-09 20:15:00+00:00,999999643.1690187,6.559442983222752e-07,
2024-01-09 20:30:00+00:00,999999647.1698732,6.519434450069639e-07,
2024-01-09 20:45:00+00:00,999999594.1699953,7.049433070616118e-07,
2024-01-10 14:30:00+00:00,999999758.6688967,5.404444548551268e-07,
2024-01-10 14:45:00+00:00,999999678.1696291,6.209436983484196e-07,
2024-01-10 15:00:00+00:00,999999592.171094,7.069422078842535e-07,
2024-01-10 15:15:00+00:00,999999598.1708498,7.009424537463005e-07,
2024-01-10 15:30:00+00:00,999999679.1706057,6.199427221575959e-07,
2024-01-10 15:45:00+00:00,999999705.1685305,5.939448051162088e-07,
2024-01-10 16:00:00+00:00,999999630.1685305,6.689447826779826e-07,
2024-01-10 16:15:00+00:00,999999669.1699953,6.29943329499838e-07,
2024-01-10 16:30:00+00:00,999999686.7084475,6.12404882582851e-07,
2024-01-10 16:45:00+00:00,999999663.6707277,6.35442595431357e-07,
2024-01-10 17:00:00+00:00,999999690.1691408,6.08944190294558e-07,
2024-01-10 17:15:00+00:00,999999700.1697512,5.98943582952316e-07,
2024-01-10 17:30:00+00:00,999999718.1690187,5.809443207605014e-07,
2024-01-10 17:45:00+00:00,999999706.6699953,5.924433407189511e-07,
2024-01-10 18:00:00+00:00,999999695.6684084,6.034449243630391e-07,
2024-01-10 18:15:00+00:00,999999717.171094,5.819422451702749e-07,
2024-01-10 18:30:00+00:00,999999690.6696291,6.084437020881239e-07,
2024-01-10 18:45:00+00:00,999999764.6686525,5.344447008281961e-07,
2024-01-10 19:00:00+00:00,999999806.169507,4.929438587319979e-07,
2024-01-10 19:15:00+00:00,999999862.1692629,4.369441196638846e-07,
2024-01-10 19:30:00+00:00,999999915.1691408,3.8394425760923667e-07,
2024-01-10 19:45:00+00:00,999999921.1688967,3.779445034712836e-07,
2024-01-10 20:00:00+00:00,999999934.169385,3.6494401911557617e-07,
2024-01-10 20:15:00+00:00,999999872.1698732,4.269435123216425e-07,
2024-01-10 20:30:00+00:00,999999821.1688967,4.779444735536487e-07,
2024-01-10 20:45:00+00:00,999999891.1701174,4.07943273827982e-07,
2024-01-11 14:30:00+00:00,999999950.1697512,3.4894365763538104e-07,
2024-01-11 14:45:00+00:00,999999903.1696291,3.959437656630982e-07,
2024-01-11 15:00:00+00:00,999999734.169385,5.649439592803063e-07,
2024-01-11 15:15:00+00:00,999999868.1690187,4.309443656369538e-07,
2024-01-11 15:30:00+00:00,999999853.1696291,4.459437507042807e-07,
2024-01-11 15:45:00+00:00,999999745.1709719,5.539423756362183e-07,
2024-01-11 16:00:00+00:00,999999654.1706057,6.449427146781872e-07,
2024-01-11 16:15:00+00:00,999999662.1692629,6.369440598286147e-07,
2024-01-11 16:30:00+00:00,999999651.6681643,6.474451552662686e-07,
2024-01-11 16:45:00+00:00,999999649.6692629,6.494440560889103e-07,
2024-01-11 17:00:00+00:00,999999715.1691408,5.839441977739668e-07,
2024-01-11 17:15:00+00:00,999999810.1703615,4.889430054166866e-07,
2024-01-11 17:30:00+00:00,999999823.1708498,4.759425210609791e-07,
2024-01-11 17:45:00+00:00,999999813.1702394,4.859431284032212e-07,
2024-01-11 18:00:00+00:00,999999861.1682863,4.379450959657305e-07,
2024-01-11 18:15:00+00:00,999999846.669385,4.524439929376456e-07,
2024-01-11 18:30:00+00:00,999999815.6696291,4.834437394851676e-07,
2024-01-11 18:45:00+00:00,999999927.6782961,3.7143510600579077e-07,
2024-01-11 19:00:00+00:00,999999977.1686525,3.219447644031703e-07,
2024-01-11 19:15:00+00:00,999999961.1682863,3.3794512577234315e-07,
2024-01-11 19:30:00+00:00,999999945.1709719,3.539424354714882e-07,
2024-01-11 19:45:00+00:00,1000000060.1703615,2.3894308021077393e-07,
2024-01-11 20:00:00+00:00,999999932.1704836,3.669429199382179e-07,
2024-01-11 20:15:00+00:00,999999966.1701174,3.329432962662082e-07,
2024-01-11 20:30:00+00:00,999999990.1691408,3.089442800474629e-07,
2024-01-11 20:45:00+00:00,999999987.1692629,3.1194415706092826e-07,
2024-01-12 14:30:00+00:00,1000000286.1682863,1.2945223004656725e-08,
2024-01-12 14:45:00+00:00,1000000159.169385,1.399440864302548e-07,
2024-01-12 15:00:00+00:00,1000000159.6698732,1.39443598334843e-07,
2024-01-12 15:15:00+00:00,1000000113.1702394,1.8594321815612602e-07,
2024-01-12 15:30:00+00:00,1000000111.1682863,1.8794517064879557e-07,
2024-01-12 15:45:00+00:00,1000000059.169385,2.3994405651261985e-07,
2024-01-12 16:00:00+00:00,1000000133.1684084,1.6594505525269199e-07,
2024-01-12 16:15:00+00:00,1000000133.1684084,1.6594505525269199e-07,
2024-01-12 16:30:00+00:00,1000000110.6708498,1.884426070741796e-07,
2024-01-12 16:45:00+00:00,1000000096.770093,2.0234335973423612e-07,
2024-01-12 17:00:00+00:00,1000000187.1692629,1.1194421689619816e-07,
2024-01-12 17:15:00+00:00,1000000160.6708498,1.3844262203299706e-07,
2024-01-12 17:30:00+00:00,1000000212.1692629,8.694422437560689e-08,
2024-01-12 17:45:00+00:00,1000000221.1688967,7.794459322418845e-08,
2024-01-12 18:00:00+00:00,1000000275.1697512,2.3943754867694622e-08,
2024-01-12 18:15:00+00:00,1000000279.1706057,1.994290155238332e-08,
2024-01-12 18:30:00+00:00,1000000329.3781252,0.0,14 days 03:45:00
2024-01-12 18:45:00+00:00,1000000331.6699953,0.0,
2024-01-12 19:00:00+00:00,1000000348.3386965,0.0,
2024-01-12 19:15:00+00:00,1000000353.1696291,0.0,
2024-01-12 19:30:00+00:00,1000000297.6703615,5.549924797509931e-08,
2024-01-12 19:45:00+00:00,1000000293.1690187,6.000058916377782e-08,
2024-01-12 20:00:00+00:00,1000000259.169385,9.400021094840838e-08,
2024-01-12 20:15:00+00:00,1000000256.169507,9.700008785085146e-08,
2024-01-12 20:30:00+00:00,1000000274.1687746,7.90008265472153e-08,
2024-01-12 20:45:00+00:00,1000000278.1696291,7.49999735649709e-08,
2024-01-16 14:30:00+00:00,1000000181.169507,1.7200006130480006e-07,
2024-01-16 14:45:00+00:00,1000000156.169507,1.970000524931237e-07,
2024-01-16 15:00:00+00:00,1000000385.1703615,0.0,3 days 19:45:00
2024-01-16 15:15:00+00:00,1000000344.1699953,4.100035044807271e-08,
2024-01-16 15:30:00+00:00,1000000314.1681643,7.100216992128594e-08,
2024-01-16 15:45:00+00:00,1000000283.7696047,1.0140071782238635e-07,
2024-01-16 16:00:00+00:00,1000000260.1703615,1.2499995183379298e-07,
2024-01-16 16:15:00+00:00,1000000302.6691408,8.250118888053493e-08,
2024-01-16 16:30:00+00:00,1000000303.1696291,8.200070078512312e-08,
2024-01-16 16:45:00+00:00,1000000238.1702394,1.4700006545353972e-07,
2024-01-16 17:00:00+00:00,1000000199.1687746,1.8600151530101527e-07,
2024-01-16 17:15:00+00:00,1000000222.3682375,1.6280206127650132e-07,
2024-01-16 17:30:00+00:00,1000000231.169507,1.540007952272049e-07,
2024-01-16 17:45:00+00:00,1000000201.1707277,1.8399956291936803e-07,
2024-01-16 18:00:00+00:00,1000000223.1708498,1.619994492996213e-07,
2024-01-16 18:15:00+00:00,1000000280.1685305,1.0500179059569348e-07,
2024-01-16 18:30:00+00:00,1000000183.1684084,2.0200187533792047e-07,
2024-01-16 18:45:00+00:00,1000000214.1681643,1.710021314549337e-07,
2024-01-16 19:00:00+00:00,1000000116.0694094,2.6910084849340876e-07,
2024-01-16 19:15:00+00:00,1000000146.4191408,2.387511287560429e-07,
2024-01-16 19:30:00+00:00,1000000161.1682863,2.240019889576672e-07,
2024-01-16 19:45:00+00:00,1000000188.1702394,1.9700004616485245e-07,
2024-01-16 20:00:00+00:00,1000000155.1685305,2.3000174242948646e-07,
2024-01-16 20:15:00+00:00,1000000161.1682863,2.240019889576672e-07,
2024-01-16 20:30:00+00:00,1000000130.1685305,2.5500173284065397e-07,
2024-01-16 20:45:00+00:00,1000000232.1704836,1.5299981903638127e-07,
2024-01-17 14:30:00+00:00,1000000216.1701174,1.6900017907328646e-07,
2024-01-17 14:45:00+00:00,1000000378.6701174,6.50024167825336e-09,
2024-01-17 15:00:00+00:00,1000000494.1699953,0.0,1 days 00:00:00
2024-01-17 15:15:00+00:00,1000000378.1696291,1.1600030891401047e-07,
2024-01-17 15:30:00+00:00,1000000449.1687746,4.5001198434313494e-08,
2024-01-17 15:45:00+00:00,1000000401.6681643,9.250178534259135e-08,
2024-01-17 16:00:00+00:00,1000000434.169385,6.000058072608283e-08,
2024-01-17 16:15:00+00:00,1000000491.1701174,2.9998764583538673e-09,
2024-01-17 16:30:00+00:00,1000000450.1697512,4.4000222354512175e-08,
2024-01-17 16:45:00+00:00,1000000435.1703615,5.899960464628151e-08,
2024-01-17 17:00:00+00:00,1000000424.6692629,6.950069808553394e-08,
2024-01-17 17:15:00+00:00,1000000376.1707277,1.1799920929256302e-07,
2024-01-17 17:30:00+00:00,1000000359.169385,1.350005436329127e-07,
2024-01-17 17:45:00+00:00,1000000382.6709719,1.1149896839146578e-07,
2024-01-17 18:00:00+00:00,1000000282.1704836,2.119994069182951e-07,
2024-01-17 18:15:00+00:00,1000000242.6685305,2.515013405313127e-07,
2024-01-17 18:30:00+00:00,1000000163.1702394,3.3099959229065945e-07,
2024-01-17 18:45:00+00:00,1000000184.169385,3.100004571932047e-07,
2024-01-17 19:00:00+00:00,1000000161.1682863,3.330015444502621e-07,
2024-01-17 19:15:00+00:00,1000000196.1688967,2.980009513597892e-07,
2024-01-17 19:30:00+00:00,1000000239.1681643,2.5500170508507836e-07,
2024-01-17 19:45:00+00:00,1000000190.1691408,3.0400070427649695e-07,
2024-01-17 20:00:00+00:00,1000000120.1709719,3.739988385653703e-07,
2024-01-17 20:15:00+00:00,1000000118.669507,3.7550030274058344e-07,
2024-01-17 20:30:00+00:00,1000000231.169507,2.6300035826931634e-07,
2024-01-17 20:45:00+00:00,1000000352.1686525,1.4200127262942175e-07,
2024-01-18 14:30:00+00:00,1000000358.1684084,1.3600151971271401e-07,
2024-01-18 14:45:00+00:00,1000000517.9187746,0.0,0 days 23:45:00
2024-01-18 15:00:00+00:00,1000000552.1686525,0.0,
2024-01-18 15:15:00+00:00,1000000650.1697512,0.0,
2024-01-18 15:30:00+00:00,1000000664.1681643,0.0,
2024-01-18 15:45:00+00:00,1000000559.9109621,1.042571329268327e-07,
2024-01-18 16:00:00+00:00,1000000440.1691408,2.2399887467106083e-07,
2024-01-18 16:15:00+00:00,1000000425.1697512,2.389982542982949e-07,
2024-01-18 16:30:00+00:00,1000000369.1699953,2.9499797304932684e-07,
2024-01-18 16:45:00+00:00,1000000271.669385,3.9249851857547924e-07,
2024-01-18 17:00:00+00:00,1000000256.169507,4.079983862981251e-07,
2024-01-18 17:15:00+00:00,1000000285.1703615,3.789975510093413e-07,
2024-01-18 17:30:00+00:00,1000000249.1687746,4.1499911407338885e-07,
2024-01-18 17:45:00+00:00,1000000188.1702394,4.759976086621265e-07,
2024-01-18 18:00:00+00:00,1000000191.1701174,4.729977327588841e-07,
2024-01-18 18:15:00+00:00,1000000217.171094,4.4699677348436495e-07,
2024-01-18 18:30:00+00:00,1000000275.1697512,3.889981546878474e-07,
2024-01-18 18:45:00+00:00,1000000264.1681643,3.9999973433513247e-07,
2024-01-18 19:00:00+00:00,1000000338.1702394,3.25997708272574e-07,
2024-01-18 19:15:00+00:00,1000000368.1690187,2.9599894890708356e-07,
2024-01-18 19:30:00+00:00,1000000381.169507,2.829984692143128e-07,
2024-01-18 19:45:00+00:00,1000000420.6684084,2.434995941547058e-07,
2024-01-18 20:00:00+00:00,1000000464.1681643,1.9999986711205509e-07,
2024-01-18 20:15:00+00:00,1000000481.169507,1.8299853565828528e-07,
2024-01-18 20:30:00+00:00,1000000507.6709719,1.564970883993766e-07,
2024-01-18 20:45:00+00:00,1000000530.1685305,1.3399954479353937e-07,
2024-01-19 14:30:00+00:00,1000000530.1685305,1.3399954479353937e-07,
2024-01-19 14:45:00+00:00,1000000719.6704836,0.0,0 days 23:15:00
2024-01-19 15:00:00+00:00,1000000602.1686525,1.1750174644387101e-07,
2024-01-19 15:15:00+00:00,1000000603.1696291,1.165007706971366e-07,
2024-01-19 15:30:00+00:00,1000000601.6681643,1.1800223442826052e-07,
2024-01-19 15:45:00+00:00,1000000551.6681643,1.6800219837520558e-07,
2024-01-19 16:00:00+00:00,1000000607.6709719,1.1199943106277033e-07,
2024-01-19 16:15:00+00:00,1000000603.1696291,1.165007706971366e-07,
2024-01-19 16:30:00+00:00,1000000531.169507,1.8850084093635644e-07,
2024-01-19 16:45:00+00:00,1000000530.1685305,1.8950181679411315e-07,
2024-01-19 17:00:00+00:00,1000000505.0281496,2.1464217947464448e-07,
2024-01-19 17:15:00+00:00,1000000549.6692629,1.7000109830966892e-07,
2024-01-19 17:30:00+00:00,1000000591.1701174,1.285002737549945e-07,
2024-01-19 17:45:00+00:00,1000000728.6701174,0.0,0 days 03:00:00
2024-01-19 18:00:00+00:00,1000000751.1707277,0.0,
2024-01-19 18:15:00+00:00,1000000773.1708498,0.0,
2024-01-19 18:30:00+00:00,1000000812.6697512,0.0,
2024-01-19 18:45:00+00:00,1000000813.6707277,0.0,
2024-01-19 19:00:00+00:00,1000000890.1691408,0.0,
2024-01-19 19:15:00+00:00,1000000853.1696291,3.69994788140815e-08,
2024-01-19 19:30:00+00:00,1000000849.1687746,4.100032968690215e-08,
2024-01-19 19:45:00+00:00,1000000842.9187746,4.725032409780283e-08,
2024-01-19 20:00:00+00:00,1000000846.669385,4.3499717161665785e-08,
2024-01-19 20:15:00+00:00,1000000845.6684084,4.4500692797377894e-08,
2024-01-19 20:30:00+00:00,1000000833.1684084,5.7000681730201563e-08,
2024-01-19 20:45:00+00:00,1000000769.1699953,1.2099903778928223e-07,
2024-01-22 14:30:00+00:00,1000001084.6698732,0.0,2 days 19:30:00
2024-01-22 14:45:00+00:00,1000001080.1685305,4.5013378580094354e-09,
2024-01-22 15:00:00+00:00,1000001110.1703615,0.0,0 days 00:30:00
2024-01-22 15:15:00+00:00,1000001116.1701174,0.0,
2024-01-22 15:30:00+00:00,1000001137.1692629,0.0,
2024-01-22 15:45:00+00:00,1000001083.1684084,5.4000793059394425e-08,
2024-01-22 16:00:00+00:00,1000001157.1704836,0.0,0 days 00:30:00
2024-01-22 16:15:00+00:00,1000001141.1701174,1.600034771342962e-08,
2024-01-22 16:30:00+00:00,1000001083.6688967,7.350150188489835e-08,
2024-01-22 16:45:00+00:00,1000001098.1708498,5.8999565566431045e-08,
2024-01-22 17:00:00+00:00,1000001078.1696291,7.900076304245829e-08,
2024-01-22 17:15:00+00:00,1000001063.1702394,9.40001353422204e-08,
2024-01-22 17:30:00+00:00,1000000986.6687746,1.7050151168707117e-07,
2024-01-22 17:45:00+00:00,1000001027.1686525,1.3000168064269957e-07,
2024-01-22 18:00:00+00:00,1000000971.1688967,1.860013716381559e-07,
2024-01-22 18:15:00+00:00,1000000911.1682863,2.4600191261825444e-07,
2024-01-22 18:30:00+00:00,1000000975.1697512,1.8200052176453596e-07,
2024-01-22 18:45:00+00:00,1000001046.669385,1.1050097081799493e-07,
2024-01-22 19:00:00+00:00,1000001046.1688967,1.1100145846931753e-07,
2024-01-22 19:15:00+00:00,1000001037.6697512,1.195005940868299e-07,
2024-01-22 19:30:00+00:00,1000001060.1703615,9.700000980217283e-08,
2024-01-22 19:45:00+00:00,1000001079.1706057,7.799978762879078e-08,
2024-01-22 20:00:00+00:00,1000001057.6709719,9.949939661080265e-08,
2024-01-22 20:15:00+00:00,1000001108.1684084,4.900201844293406e-08,
2024-01-22 20:30:00+00:00,1000001045.6684084,1.1150194612064013e-07,
2024-01-22 20:45:00+00:00,1000001024.1687746,1.33001555102652e-07,
2024-01-23 14:30:00+00:00,1000001140.1691408,1.7001323127097123e-08,
2024-01-23 14:45:00+00:00,1000001141.6706057,1.5499859951084716e-08,
2024-01-23 15:00:00+00:00,1000001004.1706057,1.5299970090865145e-07,
2024-01-23 15:15:00+00:00,1000000918.1690187,2.390011882846821e-07,
2024-01-23 15:30:00+00:00,1000000965.1691408,1.9200112055806073e-07,
2024-01-23 15:45:00+00:00,1000001053.6701174,1.0350024648442258e-07,
2024-01-23 16:00:00+00:00,1000001062.6697512,9.450062310456531e-08,
2024-01-23 16:15:00+00:00,1000001090.1691408,6.70012652026486e-08,
2024-01-23 16:30:00+00:00,1000001129.671094,2.7499357790894408e-08,
2024-01-23 16:45:00+00:00,1000001212.1692629,0.0,1 days 00:45:00
2024-01-23 17:00:00+00:00,1000001194.1699953,1.7999245760513816e-08,
2024-01-23 17:15:00+00:00,1000001192.171094,1.9998144695776432e-08,
2024-01-23 17:30:00+00:00,1000001187.1692629,2.4999969649996956e-08,
2024-01-23 17:45:00+00:00,1000001173.1708498,3.899836575893545e-08,
2024-01-23 18:00:00+00:00,1000001187.1692629,2.4999969649996956e-08,
2024-01-23 18:15:00+00:00,1000001199.1687746,1.3000472476321079e-08,
2024-01-23 18:30:00+00:00,1000001170.5707521,4.159846034301751e-08,
2024-01-23 18:45:00+00:00,1000001222.6703615,0.0,0 days 02:00:00
2024-01-23 19:00:00+00:00,1000001207.1704836,1.5499858951883994e-08,
2024-01-23 19:15:00+00:00,1000001172.1698732,5.05004265072273e-08,
2024-01-23 19:30:00+00:00,1000001162.1692629,6.050102463461826e-08,
2024-01-23 19:45:00+00:00,1000001167.171094,5.549919968039774e-08,
2024-01-23 20:00:00+00:00,1000001195.1709719,2.7499356014537568e-08,
2024-01-23 20:15:00+00:00,1000001222.1698732,5.004876513226009e-10,
2024-01-23 20:30:00+00:00,1000001253.1696291,0.0,0 days 01:45:00
2024-01-23 20:45:00+00:00,1000001232.1704836,2.0999119221265516e-08,
2024-01-24 14:30:00+00:00,1000001404.1706057,0.0,0 days 18:00:00
2024-01-24 14:45:00+00:00,1000001394.1699953,1.0000596351034119e-08,
2024-01-24 15:00:00+00:00,1000001354.1706057,4.99999297520759e-08,
2024-01-24 15:15:00+00:00,1000001304.1706057,9.99998596151741e-08,
2024-01-24 15:30:00+00:00,1000001336.6687746,6.750173631164813e-08,
2024-01-24 15:45:00+00:00,1000001207.6709719,1.964993578962293e-07,
2024-01-24 16:00:00+00:00,1000001201.1707277,2.029995929131445e-07,
2024-01-24 16:15:00+00:00,1000001356.1084719,4.8062066326792774e-08,
2024-01-24 16:30:00+00:00,1000001352.1686525,5.20018801353217e-08,
2024-01-24 16:45:00+00:00,1000001400.1697512,4.000848874419205e-09,
2024-01-24 17:00:00+00:00,1000001385.8081789,1.836240093311403e-08,
2024-01-24 17:15:00+00:00,1000001433.1684084,0.0,0 days 02:45:00
2024-01-24 17:30:00+00:00,1000001402.1686525,3.0999711464474444e-08,
2024-01-24 17:45:00+00:00,1000001389.6686525,4.349969351391536e-08,
2024-01-24 18:00:00+00:00,1000001280.1685305,1.529996586091542e-07,
2024-01-24 18:15:00+00:00,1000001320.1709719,1.1299727453728536e-07,
2024-01-24 18:30:00+00:00,1000001280.1685305,1.529996586091542e-07,
2024-01-24 18:45:00+00:00,1000001298.6682863,1.3449992930514298e-07,
2024-01-24 19:00:00+00:00,1000001253.1696291,1.7999852131023175e-07,
2024-01-24 19:15:00+00:00,1000001193.1690187,2.3999904563698493e-07,
2024-01-24 19:30:00+00:00,1000001249.1687746,1.8399937007362865e-07,
2024-01-24 19:45:00+00:00,1000001257.1704836,1.7599767254683485e-07,
2024-01-24 20:00:00+00:00,1000001178.1696291,2.5499841382892185e-07,
2024-01-24 20:15:00+00:00,1000001116.1701174,3.1699783675787074e-07,
2024-01-24 20:30:00+00:00,1000001237.1692629,1.9599886458276927e-07,
2024-01-24 20:45:00+00:00,1000001186.1682863,2.4699976808317814e-07,
2024-01-25 14:30:00+00:00,1000001106.169507,3.2699843277583795e-07,
2024-01-25 14:45:00+00:00,1000001111.6687746,3.2149917306156794e-07,
2024-01-25 15:00:00+00:00,1000001050.1697512,3.8299810833919423e-07,
2024-01-25 15:15:00+00:00,1000001022.1698732,4.1099794612087237e-07,
2024-01-25 15:30:00+00:00,1000001003.1696291,4.299981630762062e-07,
2024-01-25 15:45:00+00:00,1000001038.1702394,3.9499760284833485e-07,
2024-01-25 16:00:00+00:00,1000001124.1687746,3.089991909011047e-07,
2024-01-25 16:15:00+00:00,1000001197.1698732,2.3599819698461033e-07,
2024-01-25 16:30:00+00:00,1000001173.1708498,2.5999718600289157e-07,
2024-01-25 16:45:00+00:00,1000001186.6687746,2.4649928054287784e-07,
2024-01-25 17:00:00+00:00,1000001074.1687746,3.58999119320913e-07,
2024-01-25 17:15:00+00:00,1000001111.1682863,3.2199966060186824e-07,
2024-01-25 17:30:00+00:00,1000001059.169385,3.739984874018276e-07,
2024-01-25 17:45:00+00:00,1000001067.171094,3.659967898750338e-07,
2024-01-25 18:00:00+00:00,1000001126.1707277,3.0699724073990353e-07,
2024-01-25 18:15:00+00:00,1000001135.1703615,2.979976198025369e-07,
2024-01-25 18:30:00+00:00,1000001177.1686525,2.5599938902054475e-07,
2024-01-25 18:45:00+00:00,1000001174.1687746,2.5899926259231876e-07,
2024-01-25 19:00:00+00:00,1000001213.1702394,2.199978536010505e-07,
2024-01-25 19:15:00+00:00,1000001249.1687746,1.8399937007362865e-07,
2024-01-25 19:30:00+00:00,1000001220.1709719,2.129971312658796e-07,
2024-01-25 19:45:00+00:00,1000001261.1286135,1.720395483850723e-07,
2024-01-25 20:00:00+00:00,1000001334.169385,9.899888153697134e-08,
2024-01-25 20:15:00+00:00,1000001384.169385,4.899895322818537e-08,
2024-01-25 20:30:00+00:00,1000001432.1704836,9.979234105728096e-10,
2024-01-25 20:45:00+00:00,1000001519.1699953,0.0,1 days 03:30:00
2024-01-26 14:30:00+00:00,1000001427.1686525,9.200120298924475e-08,
2024-01-26 14:45:00+00:00,1000001391.1701174,1.2799968351906443e-07,
2024-01-26 15:00:00+00:00,1000001358.6688967,1.605008548288822e-07,
2024-01-26 15:15:00+00:00,1000001296.1688967,2.2300075985803858e-07,
2024-01-26 15:30:00+00:00,1000001409.169385,1.1000044319864344e-07,
2024-01-26 15:45:00+00:00,1000001522.1698732,0.0,0 days 19:00:00
2024-01-26 16:00:00+00:00,1000001390.1691408,1.3200053150530522e-07,
2024-01-26 16:15:00+00:00,1000001450.6702394,7.149952496732226e-08,
2024-01-26 16:30:00+00:00,1000001416.1701174,1.0599959454626884e-07,
2024-01-26 16:45:00+00:00,1000001465.1691408,5.700064564795326e-08,
2024-01-26 17:00:00+00:00,1000001452.1686525,7.000111412747145e-08,
2024-01-26 17:15:00+00:00,1000001391.9391603,1.302305147055094e-07,
2024-01-26 17:30:00+00:00,1000001274.4190187,2.4775047735570155e-07,
2024-01-26 17:45:00+00:00,1000001244.1699953,2.7799945478967913e-07,
2024-01-26 18:00:00+00:00,1000001223.6682863,2.98501132589557e-07,
2024-01-26 18:15:00+00:00,1000001249.1687746,2.7300068305979863e-07,
2024-01-26 18:30:00+00:00,1000001184.169385,3.379999737873618e-07,
2024-01-26 18:45:00+00:00,1000001172.1698732,3.499994671862794e-07,
2024-01-26 19:00:00+00:00,1000001164.1681643,3.580011640469394e-07,
2024-01-26 19:15:00+00:00,1000001187.1692629,3.350001004376324e-07,
2024-01-26 19:30:00+00:00,1000001220.1709719,3.019984416985366e-07,
2024-01-26 19:45:00+00:00,1000001253.1696291,2.6899983462946864e-07,
2024-01-26 20:00:00+00:00,1000001240.419385,2.8175005939434783e-07,
2024-01-26 20:15:00+00:00,1000001208.1684084,3.140009868785043e-07,
2024-01-26 20:30:00+00:00,1000001202.1686525,3.200007335779631e-07,
2024-01-26 20:45:00+00:00,1000001237.1692629,2.8500017656973853e-07,
2024-01-29 14:30:00+00:00,1000001455.6690187,6.650075323744176e-08,
2024-01-29 14:45:00+00:00,1000001508.1684084,1.4001443560118787e-08,
2024-01-29 15:00:00+00:00,1000001472.1698732,4.999992386789387e-08,
2024-01-29 15:15:00+00:00,1000001357.1704836,1.649991384633509e-07,
2024-01-29 15:30:00+00:00,1000001223.6682863,2.98501132589557e-07,
2024-01-29 15:45:00+00:00,1000001210.6708498,3.114985492880251e-07,
2024-01-29 16:00:00+00:00,1000001234.169385,2.880000499194679e-07,
2024-01-29 16:15:00+00:00,1000001215.6696291,3.064997775581446e-07,
2024-01-29 16:30:00+00:00,1000001227.1686525,2.950007716995273e-07,
2024-01-29 16:45:00+00:00,1000001234.169385,2.880000499194679e-07,
2024-01-29 17:00:00+00:00,1000001204.1706057,3.179987835277842e-07,
2024-01-29 17:15:00+00:00,1000001188.9209719,3.332483941020925e-07,
2024-01-29 17:30:00+00:00,1000001143.9197512,3.782495463511282e-07,
2024-01-29 17:45:00+00:00,1000001096.669385,4.2549984058393164e-07,
2024-01-29 18:00:00+00:00,1000001127.6691408,3.9450013189501476e-07,
2024-01-29 18:15:00+00:00,1000001129.671094,3.9249818184483587e-07,
2024-01-29 18:30:00+00:00,1000001114.1681643,4.0800108791483325e-07,
2024-01-29 18:45:00+00:00,1000001151.1707277,3.709985807454075e-07,
2024-01-29 19:00:00+00:00,1000001168.1690187,3.540003156166094e-07,
2024-01-29 19:15:00+00:00,1000001161.6687746,3.605005498563685e-07,
2024-01-29 19:30:00+00:00,1000001173.1708498,3.489984922167011e-07,
2024-01-29 19:45:00+00:00,1000001154.1706057,3.679987073956781e-07,
2024-01-29 20:00:00+00:00,1000001255.1685305,2.6700093636033984e-07,
2024-01-29 20:15:00+00:00,1000001413.6707277,1.0849898035569794e-07,
2024-01-29 20:30:00+00:00,1000001380.9192629,1.4125039538015471e-07,
2024-01-29 20:45:00+00:00,1000001544.1699953,0.0,3 days 05:00:00
2024-01-30 14:30:00+00:00,1000001553.1696291,0.0,
2024-01-30 14:45:00+00:00,1000001633.388135,0.0,
2024-01-30 15:00:00+00:00,1000001507.1704836,1.2621744516216893e-07,
2024-01-30 15:15:00+00:00,1000001471.1688967,1.6221897336521351e-07,
2024-01-30 15:30:00+00:00,1000001474.3000002,1.590878748736202e-07,
2024-01-30 15:45:00+00:00,1000001661.6687746,0.0,0 days 01:00:00
2024-01-30 16:00:00+00:00,1000001698.6682863,0.0,
2024-01-30 16:15:00+00:00,1000001760.1703615,0.0,
2024-01-30 16:30:00+00:00,1000001820.6684084,0.0,
2024-01-30 16:45:00+00:00,1000001938.1702394,0.0,
2024-01-30 17:00:00+00:00,1000001884.169385,5.400074987171877e-08,
2024-01-30 17:15:00+00:00,1000001878.1696291,6.000049401766461e-08,
2024-01-30 17:30:00+00:00,1000001852.1686525,8.600142020753765e-08,
2024-01-30 17:45:00+00:00,1000001839.6686525,9.850139603972963e-08,
2024-01-30 18:00:00+00:00,1000001837.6697512,1.0050029353170231e-07,
2024-01-30 18:15:00+00:00,1000001851.1707277,8.699934306299895e-08,
2024-01-30 18:30:00+00:00,1000001895.4181643,4.275199227965487e-08,
2024-01-30 18:45:00+00:00,1000001911.6687746,2.6501413508128735e-08,
2024-01-30 19:00:00+00:00,1000001946.669385,0.0,0 days 02:15:00
2024-01-30 19:15:00+00:00,1000002034.6698732,0.0,
2024-01-30 19:30:00+00:00,1000002043.1690187,0.0,
2024-01-30 19:45:00+00:00,1000002056.6699953,0.0,
2024-01-30 20:00:00+00:00,1000002067.171094,0.0,
2024-01-30 20:15:00+00:00,1000002098.6682863,0.0,
2024-01-30 20:30:00+00:00,1000002036.1682863,6.249986883588576e-08,
2024-01-30 20:45:00+00:00,1000002026.1707277,7.249740641146474e-08,
2024-01-31 14:30:00+00:00,1000002092.171094,6.497178794973024e-09,
2024-01-31 14:45:00+00:00,1000002118.669507,0.0,0 days 18:30:00
2024-01-31 15:00:00+00:00,1000002125.1697512,0.0,
2024-01-31 15:15:00+00:00,1000002232.6709719,0.0,
2024-01-31 15:30:00+00:00,1000002154.1706057,7.850019090316351e-08,
2024-01-31 15:45:00+00:00,1000002150.1697512,8.250103655793595e-08,
2024-01-31 16:00:00+00:00,1000002143.1690187,8.950175334199173e-08,
2024-01-31 16:15:00+00:00,1000002170.1709719,6.249986050921308e-08,
2024-01-31 16:30:00+00:00,1000002028.6701174,2.0400039901780076e-07,
2024-01-31 16:45:00+00:00,1000002043.1690187,1.895015300235059e-07,
2024-01-31 17:00:00+00:00,1000002081.169507,1.5150112664397142e-07,
2024-01-31 17:15:00+00:00,1000002067.6685305,1.650020730048496e-07,
2024-01-31 17:30:00+00:00,1000001988.1702394,2.445001865414298e-07,
2024-01-31 17:45:00+00:00,1000002070.6684084,1.6200220176454394e-07,
2024-01-31 18:00:00+00:00,1000002075.1697512,1.5750086901356042e-07,
2024-01-31 18:15:00+00:00,1000002029.671094,2.0299942471435628e-07,
2024-01-31 18:30:00+00:00,1000001971.1688967,2.61501491349847e-07,
2024-01-31 18:45:00+00:00,1000001990.1691408,2.425012896045686e-07,
2024-01-31 19:00:00+00:00,1000001843.4192629,3.892508398939398e-07,
2024-01-31 19:15:00+00:00,1000001807.1704836,4.2549953827020204e-07,
2024-01-31 19:30:00+00:00,1000001949.4190187,2.8325132073181436e-07,
2024-01-31 19:45:00+00:00,1000001718.1690187,5.145008044049604e-07,
2024-01-31 20:00:00+00:00,1000001559.169385,6.735000832591709e-07,
2024-01-31 20:15:00+00:00,1000001545.1709719,6.874984650462324e-07,
2024-01-31 20:30:00+00:00,1000001427.1686525,8.055005209506305e-07,
2024-01-31 20:45:00+00:00,1000001403.1696291,8.294994907620534e-07,
2024-02-01 14:30:00+00:00,1000001500.1697512,7.324995853208449e-07,
2024-02-01 14:45:00+00:00,1000001675.1697512,5.574999759616617e-07,
2024-02-01 15:00:00+00:00,1000001763.1702394,4.694996841303478e-07,
2024-02-01 15:15:00+00:00,1000001753.6701174,4.789997850584982e-07,
2024-02-01 15:30:00+00:00,1000001714.6686525,5.180011628524994e-07,
2024-02-01 15:45:00+00:00,1000001478.1696291,7.544996581954067e-07,
2024-02-01 16:00:00+00:00,1000001473.1708498,7.594984263725735e-07,
2024-02-01 16:15:00+00:00,1000001637.1692629,5.955003794522185e-07,
2024-02-01 16:30:00+00:00,1000001741.1701174,4.914997571159319e-07,
2024-02-01 16:45:00+00:00,1000001770.1709719,4.6249896734629203e-07,
2024-02-01 17:00:00+00:00,1000001841.6706057,3.909994932271843e-07,
2024-02-01 17:15:00+00:00,1000001862.1692629,3.7050088175227813e-07,
2024-02-01 17:30:00+00:00,1000002007.1704836,2.254999847961514e-07,
2024-02-01 17:45:00+00:00,1000002111.6687746,1.2100192714470381e-07,
2024-02-01 18:00:00+00:00,1000002104.671094,1.279995921477095e-07,
2024-02-01 18:15:00+00:00,1000002072.1698732,1.6050074025386607e-07,
2024-02-01 18:30:00+00:00,1000002050.1697512,1.825008132394501e-07,
2024-02-01 18:45:00+00:00,1000002100.1697512,1.3250092489869303e-07,
2024-02-01 19:00:00+00:00,1000002115.1691408,1.1750156869716477e-07,
2024-02-01 19:15:00+00:00,1000002144.1699953,8.850077892752495e-08,
2024-02-01 19:30:00+00:00,1000002187.1692629,4.550160737082365e-08,
2024-02-01 19:45:00+00:00,1000002224.1687746,8.502178294733653e-09,
2024-02-01 20:00:00+00:00,1000002278.1696291,0.0,1 days 04:45:00
2024-02-01 20:15:00+00:00,1000002259.6698732,1.849971376088888e-08,
2024-02-01 20:30:00+00:00,1000002307.1704836,0.0,0 days 00:30:00
2024-02-01 20:45:00+00:00,1000002310.1703615,0.0,
2024-02-02 14:30:00+00:00,1000001727.1686525,5.830003622087077e-07,
2024-02-02 14:45:00+00:00,1000001691.1701174,6.189988140947733e-07,
2024-02-02 15:00:00+00:00,1000001599.1687746,7.109999443644099e-07,
2024-02-02 15:15:00+00:00,1000001567.171094,7.429975511508147e-07,
2024-02-02 15:30:00+00:00,1000001704.1706057,6.059983559403292e-07,
2024-02-02 15:45:00+00:00,1000001775.1697512,5.349993743575254e-07,
2024-02-02 16:00:00+00:00,1000001781.169507,5.289996324320256e-07,
2024-02-02 16:15:00+00:00,1000001817.171094,4.929981286538876e-07,
2024-02-02 16:30:00+00:00,1000001877.6691408,4.325002215255225e-07,
2024-02-02 16:45:00+00:00,1000001839.1681643,4.710011092257105e-07,
2024-02-02 17:00:00+00:00,1000001847.1698732,4.6299941869332173e-07,
2024-02-02 17:15:00+00:00,1000001917.171094,3.929983596329123e-07,
2024-02-02 17:30:00+00:00,1000001807.6709719,5.024982288048818e-07,
2024-02-02 17:45:00+00:00,1000001894.1699953,4.15999405145584e-07,
2024-02-02 18:00:00+00:00,1000001891.1701174,4.18999276163845e-07,
2024-02-02 18:15:00+00:00,1000001868.0286379,4.421407021615309e-07,
2024-02-02 18:30:00+00:00,1000001996.1688967,3.140007394097921e-07,
2024-02-02 18:45:00+00:00,1000001960.1703615,3.4999919140688007e-07,
2024-02-02 19:00:00+00:00,1000002127.1686525,1.8300128623582879e-07,
2024-02-02 19:15:00+00:00,1000002077.6691408,2.325006835945942e-07,
2024-02-02 19:30:00+00:00,1000002120.1709719,1.8999895068372297e-07,
2024-02-02 19:45:00+00:00,1000002169.6704836,1.4049955332495756e-07,
2024-02-02 20:00:00+00:00,1000002138.6707277,1.714992375889679e-07,
2024-02-02 20:15:00+00:00,1000002175.6702394,1.3449981139945777e-07,
2024-02-02 20:30:00+00:00,1000002042.171094,2.6799864849547106e-07,
2024-02-02 20:45:00+00:00,1000001967.171094,3.429984751779358e-07,
2024-02-05 14:30:00+00:00,1000001483.6688967,8.264995554618793e-07,
2024-02-05 14:45:00+00:00,1000001395.1709719,9.149972758359937e-07,
2024-02-05 15:00:00+00:00,1000001296.1688967,1.0139991223345746e-06,
2024-02-05 15:15:00+00:00,1000001245.6684084,1.0644994939967845e-06,
2024-02-05 15:30:00+00:00,1000001268.1690187,1.0419989355803239e-06,
2024-02-05 15:45:00+00:00,1000001378.1696291,9.319985793121432e-07,
2024-02-05 16:00:00+00:00,1000001461.1682863,8.490001138783398e-07,
2024-02-05 16:15:00+00:00,1000001425.1697512,8.849985658754278e-07,
2024-02-05 16:30:00+00:00,1000001437.6697512,8.724985947061725e-07,
2024-02-05 16:45:00+00:00,1000001427.1686525,8.829996690495889e-07,
2024-02-05 17:00:00+00:00,1000001460.1703615,8.499980364007342e-07,
2024-02-05 17:15:00+00:00,1000001479.2682619,8.309001801043436e-07,
2024-02-05 17:30:00+00:00,1000001603.6701174,7.064986120575156e-07,
2024-02-05 17:45:00+00:00,1000001599.1687746,7.109999443644099e-07,
2024-02-05 18:00:00+00:00,1000001627.1686525,6.830001311186606e-07,
2024-02-05 18:15:00+00:00,1000001663.1702394,6.469986273405226e-07,
2024-02-05 18:30:00+00:00,1000001663.1702394,6.469986273405226e-07,
2024-02-05 18:45:00+00:00,1000001667.171094,6.429977821298394e-07,
2024-02-05 19:00:00+00:00,1000001696.1688967,6.140000463616957e-07,
2024-02-05 19:15:00+00:00,1000001735.1703615,5.749986716763189e-07,
2024-02-05 19:30:00+00:00,1000001793.1690187,5.170001484700038e-07,
2024-02-05 19:45:00+00:00,1000001812.1692629,4.979999481680153e-07,
2024-02-05 20:00:00+00:00,1000001716.1701174,5.939988718672851e-07,
2024-02-05 20:15:00+00:00,1000001850.1697512,4.599995476750607e-07,
2024-02-05 20:30:00+00:00,1000001826.1707277,4.839985157101268e-07,
2024-02-05 20:45:00+00:00,1000001736.1682863,5.740007491539245e-07,
2024-02-06 14:30:00+00:00,1000001702.1686525,6.080003044361959e-07,
2024-02-06 14:45:00+00:00,1000001645.1709719,6.649978533390666e-07,
2024-02-06 15:00:00+00:00,1000001570.1709719,7.399976801325536e-07,
2024-02-06 15:15:00+00:00,1000001603.1696291,7.069990991537267e-07,
2024-02-06 15:30:00+00:00,1000001607.6709719,7.024977667358101e-07,
2024-02-06 15:45:00+00:00,1000001633.1684084,6.770003891931609e-07,
2024-02-06 16:00:00+00:00,1000001646.1688967,6.639999309276945e-07,
2024-02-06 16:15:00+00:00,1000001760.1703615,5.499987294488307e-07,
2024-02-06 16:30:00+00:00,1000001732.1704836,5.7799854269458e-07,
2024-02-06 16:45:00+00:00,1000001651.1707277,6.589981114135668e-07,
2024-02-06 17:00:00+00:00,1000001607.6709719,7.024977667358101e-07,
2024-02-06 17:15:00+00:00,1000001651.1707277,6.589981114135668e-07,
2024-02-06 17:30:00+00:00,1000001713.6707277,5.96498255789335e-07,
2024-02-06 17:45:00+00:00,1000001728.1696291,5.819993879052632e-07,
2024-02-06 18:00:00+00:00,1000001755.1685305,5.550005489629584e-07,
2024-02-06 18:15:00+00:00,1000001745.1709719,5.649980844291136e-07,
2024-02-06 18:30:00+00:00,1000001752.1686525,5.580004198701971e-07,
2024-02-06 18:45:00+00:00,1000001761.1682863,5.490008069264363e-07,
2024-02-06 19:00:00+00:00,1000001605.1685305,7.050002024389102e-07,
2024-02-06 19:15:00+00:00,1000001657.1796389,6.529892141449167e-07,
2024-02-06 19:30:00+00:00,1000001634.169385,6.759994148897164e-07,
2024-02-06 19:45:00+00:00,1000001749.1687746,5.610002908884582e-07,
2024-02-06 20:00:00+00:00,1000001840.1691408,4.70000134922266e-07,
2024-02-06 20:15:00+00:00,1000001819.4202394,4.907489883354543e-07,
2024-02-06 20:30:00+00:00,1000001873.1708498,4.36998502162389e-07,
2024-02-06 20:45:00+00:00,1000001909.169385,4.0100005016530105e-07,
2024-02-07 14:30:00+00:00,1000002030.1685305,2.8000118423854303e-07,
2024-02-07 14:45:00+00:00,1000002092.59834,2.175715189123295e-07,
2024-02-07 15:00:00+00:00,1000002313.1702394,0.0,5 days 18:15:00
2024-02-07 15:15:00+00:00,1000002388.1702394,0.0,
2024-02-07 15:30:00+00:00,1000002389.1681643,0.0,
2024-02-07 15:45:00+00:00,1000002316.6706057,7.249738542824957e-08,
2024-02-07 16:00:00+00:00,1000002358.1684084,3.099968182151969e-08,
2024-02-07 16:15:00+00:00,1000002290.1691408,9.899878694596964e-08,
2024-02-07 16:30:00+00:00,1000002390.6696291,0.0,0 days 01:00:00
2024-02-07 16:45:00+00:00,1000002356.169507,3.4500039602924915e-08,
2024-02-07 17:00:00+00:00,1000002377.7484865,1.2921111736119428e-08,
2024-02-07 17:15:00+00:00,1000002329.1706057,6.149887643580598e-08,
2024-02-07 17:30:00+00:00,1000002384.169385,6.5002285776216695e-09,
2024-02-07 17:45:00+00:00,1000002441.1701174,0.0,0 days 01:15:00
2024-02-07 18:00:00+00:00,1000002440.1691408,1.0009740813998746e-09,
2024-02-07 18:15:00+00:00,1000002496.1688967,0.0,0 days 00:30:00
2024-02-07 18:30:00+00:00,1000002518.1690187,0.0,
2024-02-07 18:45:00+00:00,1000002573.1708498,0.0,
2024-02-07 19:00:00+00:00,1000002597.1698732,0.0,
2024-02-07 19:15:00+00:00,1000002584.169385,1.300045449070808e-08,
2024-02-07 19:30:00+00:00,1000002573.1708498,2.3998961151683318e-08,
2024-02-07 19:45:00+00:00,1000002599.6692629,0.0,0 days 00:45:00
2024-02-07 20:00:00+00:00,1000002637.1692629,0.0,
2024-02-07 20:15:00+00:00,1000002614.1681643,2.3001037963155113e-08,
2024-02-07 20:30:00+00:00,1000002593.1690187,4.4000128096577384e-08,
2024-02-07 20:45:00+00:00,1000002550.1697512,8.69992823337995e-08,
2024-02-08 14:30:00+00:00,999999397.2157519,3.2399449667597224e-06,
2024-02-08 14:45:00+00:00,999999397.2157519,3.2399449667597224e-06,
2024-02-08 15:00:00+00:00,999999397.2157519,3.2399449667597224e-06,
2024-02-08 15:15:00+00:00,999999397.2157519,3.2399449667597224e-06,
2024-02-08 15:30:00+00:00,999999397.2157519,3.2399449667597224e-06,
2024-02-08 15:45:00+00:00,999999397.2157519,3.2399449667597224e-06,
2024-02-08 16:00:00+00:00,999999397.2157519,3.2399449667597224e-06,
2024-02-08 16:15:00+00:00,999999397.2157519,3.2399449667597224e-06,
2024-02-08 16:30:00+00:00,999999397.2157519,3.2399449667597224e-06,
2024-02-08 16:45:00+00:00,999999397.2157519,3.2399449667597224e-06,
2024-02-08 17:00:00+00:00,999999397.2157519,3.2399449667597224e-06,
2024-02-08 17:15:00+00:00,999999397.2157519,3.2399449667597224e-06,
2024-02-08 17:30:00+00:00,999999397.2157519,3.2399449667597224e-06,
2024-02-08 17:45:00+00:00,999999397.2157519,3.2399449667597224e-06,
2024-02-08 18:00:00+00:00,999999397.2157519,3.2399449667597224e-06,
2024-02-08 18:15:00+00:00,999999397.2157519,3.2399449667597224e-06,
2024-02-08 18:30:00+00:00,999999397.2157519,3.2399449667597224e-06,
2024-02-08 18:45:00+00:00,999999397.2157519,3.2399449667597224e-06,
2024-02-08 19:00:00+00:00,999999397.2157519,3.2399449667597224e-06,
2024-02-08 19:15:00+00:00,999999397.2157519,3.2399449667597224e-06,
2024-02-08 19:30:00+00:00,999999397.2157519,3.2399449667597224e-06,
2024-02-08 19:45:00+00:00,999999397.2157519,3.2399449667597224e-06,
2024-02-08 20:00:00+00:00,999999397.2157519,3.2399449667597224e-06,
2024-02-08 20:15:00+00:00,999999397.2157519,3.2399449667597224e-06,
2024-02-08 20:30:00+00:00,999999397.2157519,3.2399449667597224e-06,
2024-02-08 20:45:00+00:00,999999397.2157519,3.2399449667597224e-06,
2024-02-09 14:30:00+00:00,999999397.2157519,3.2399449667597224e-06,
2024-02-09 14:45:00+00:00,999999397.2157519,3.2399449667597224e-06,
2024-02-09 15:00:00+00:00,999999397.2157519,3.2399449667597224e-06,
2024-02-09 15:15:00+00:00,999999397.2157519,3.2399449667597224e-06,
2024-02-09 15:30:00+00:00,999999397.2157519,3.2399449667597224e-06,
2024-02-09 15:45:00+00:00,999999397.2157519,3.2399449667597224e-06,
2024-02-09 16:00:00+00:00,999999397.2157519,3.2399449667597224e-06,
2024-02-09 16:15:00+00:00,999999397.2157519,3.2399449667597224e-06,
2024-02-09 16:30:00+00:00,999999397.2157519,3.2399449667597224e-06,
2024-02-09 16:45:00+00:00,999999397.2157519,3.2399449667597224e-06,
2024-02-09 17:00:00+00:00,999999397.2157519,3.2399449667597224e-06,
2024-02-09 17:15:00+00:00,999999397.2157519,3.2399449667597224e-06,
2024-02-09 17:30:00+00:00,999999397.2157519,3.2399449667597224e-06,
2024-02-09 17:45:00+00:00,999999397.2157519,3.2399449667597224e-06,
2024-02-09 18:00:00+00:00,999999397.2157519,3.2399449667597224e-06,
2024-02-09 18:15:00+00:00,999999397.2157519,3.2399449667597224e-06,
2024-02-09 18:30:00+00:00,999999397.2157519,3.2399449667597224e-06,
2024-02-09 18:45:00+00:00,999999397.2157519,3.2399449667597224e-06,
2024-02-09 19:00:00+00:00,999999397.2157519,3.2399449667597224e-06,
2024-02-09 19:15:00+00:00,999999270.6127734,3.3665476113498016e-06,
2024-02-09 19:30:00+00:00,999999300.1141162,3.337046346363337e-06,
2024-02-09 19:45:00+00:00,999999305.1128955,3.3320475801845717e-06,
2024-02-09 20:00:00+00:00,999999244.1113086,3.393049006317206e-06,
2024-02-09 20:15:00+00:00,999999210.6121631,3.426548063401036e-06,
2024-02-09 20:30:00+00:00,999999154.6124072,3.4825476715738546e-06,
2024-02-09 20:45:00+00:00,999999142.2010993,3.494958946803628e-06,
2024-02-12 14:30:00+00:00,999999142.2010993,3.494958946803628e-06,
2024-02-12 14:45:00+00:00,999999142.2010993,3.494958946803628e-06,
2024-02-12 15:00:00+00:00,999999142.2010993,3.494958946803628e-06,
2024-02-12 15:15:00+00:00,999999142.2010993,3.494958946803628e-06,
2024-02-12 15:30:00+00:00,999999142.2010993,3.494958946803628e-06,
2024-02-12 15:45:00+00:00,999999142.2010993,3.494958946803628e-06,
2024-02-12 16:00:00+00:00,999999142.2010993,3.494958946803628e-06,
2024-02-12 16:15:00+00:00,999999142.2010993,3.494958946803628e-06,
2024-02-12 16:30:00+00:00,999999142.2010993,3.494958946803628e-06,
2024-02-12 16:45:00+00:00,999999142.2010993,3.494958946803628e-06,
2024-02-12 17:00:00+00:00,999999142.2010993,3.494958946803628e-06,
2024-02-12 17:15:00+00:00,999999142.2010993,3.494958946803628e-06,
2024-02-12 17:30:00+00:00,999999142.2010993,3.494958946803628e-06,
2024-02-12 17:45:00+00:00,999999142.2010993,3.494958946803628e-06,
2024-02-12 18:00:00+00:00,999999142.2010993,3.494958946803628e-06,
2024-02-12 18:15:00+00:00,999999142.2010993,3.494958946803628e-06,
2024-02-12 18:30:00+00:00,999999142.2010993,3.494958946803628e-06,
2024-02-12 18:45:00+00:00,999999142.2010993,3.494958946803628e-06,
2024-02-12 19:00:00+00:00,999999142.2010993,3.494958946803628e-06,
2024-02-12 19:15:00+00:00,999999142.2010993,3.494958946803628e-06,
2024-02-12 19:30:00+00:00,999999142.2010993,3.494958946803628e-06,
2024-02-12 19:45:00+00:00,999999142.2010993,3.494958946803628e-06,
2024-02-12 20:00:00+00:00,999999142.2010993,3.494958946803628e-06,
2024-02-12 20:15:00+00:00,999999142.2010993,3.494958946803628e-06,
2024-02-12 20:30:00+00:00,999999142.2010993,3.494958946803628e-06,
2024-02-12 20:45:00+00:00,999999142.2010993,3.494958946803628e-06,
2024-02-13 14:30:00+00:00,999999142.2010993,3.494958946803628e-06,
2024-02-13 14:45:00+00:00,999999142.2010993,3.494958946803628e-06,
2024-02-13 15:00:00+00:00,999999142.2010993,3.494958946803628e-06,
2024-02-13 15:15:00+00:00,999999142.2010993,3.494958946803628e-06,
2024-02-13 15:30:00+00:00,999999142.2010993,3.494958946803628e-06,
2024-02-13 15:45:00+00:00,999999142.2010993,3.494958946803628e-06,
2024-02-13 16:00:00+00:00,999999142.2010993,3.494958946803628e-06,
2024-02-13 16:15:00+00:00,999999142.2010993,3.494958946803628e-06,
2024-02-13 16:30:00+00:00,999999142.2010993,3.494958946803628e-06,
2024-02-13 16:45:00+00:00,999999142.2010993,3.494958946803628e-06,
2024-02-13 17:00:00+00:00,999999142.2010993,3.494958946803628e-06,
2024-02-13 17:15:00+00:00,999999142.2010993,3.494958946803628e-06,
2024-02-13 17:30:00+00:00,999999142.2010993,3.494958946803628e-06,
2024-02-13 17:45:00+00:00,999999142.2010993,3.494958946803628e-06,
2024-02-13 18:00:00+00:00,999999142.2010993,3.494958946803628e-06,
2024-02-13 18:15:00+00:00,999999142.2010993,3.494958946803628e-06,
2024-02-13 18:30:00+00:00,999999142.2010993,3.494958946803628e-06,
2024-02-13 18:45:00+00:00,999999142.2010993,3.494958946803628e-06,
2024-02-13 19:00:00+00:00,999999142.2010993,3.494958946803628e-06,
2024-02-13 19:15:00+00:00,999999142.2010993,3.494958946803628e-06,
2024-02-13 19:30:00+00:00,999999142.2010993,3.494958946803628e-06,
2024-02-13 19:45:00+00:00,999999142.2010993,3.494958946803628e-06,
2024-02-13 20:00:00+00:00,999999142.2010993,3.494958946803628e-06,
2024-02-13 20:15:00+00:00,999999142.2010993,3.494958946803628e-06,
2024-02-13 20:30:00+00:00,999999142.2010993,3.494958946803628e-06,
2024-02-13 20:45:00+00:00,999999142.2010993,3.494958946803628e-06,
2024-02-14 14:30:00+00:00,999999142.2010993,3.494958946803628e-06,
2024-02-14 14:45:00+00:00,999999142.2010993,3.494958946803628e-06,
2024-02-14 15:00:00+00:00,999999142.2010993,3.494958946803628e-06,
2024-02-14 15:15:00+00:00,999999142.2010993,3.494958946803628e-06,
2024-02-14 15:30:00+00:00,999999142.2010993,3.494958946803628e-06,
2024-02-14 15:45:00+00:00,999999142.2010993,3.494958946803628e-06,
2024-02-14 16:00:00+00:00,999999142.2010993,3.494958946803628e-06,
2024-02-14 16:15:00+00:00,999999142.2010993,3.494958946803628e-06,
2024-02-14 16:30:00+00:00,999999142.2010993,3.494958946803628e-06,
2024-02-14 16:45:00+00:00,999999142.2010993,3.494958946803628e-06,
2024-02-14 17:00:00+00:00,999999142.2010993,3.494958946803628e-06,
2024-02-14 17:15:00+00:00,999999142.2010993,3.494958946803628e-06,
2024-02-14 17:30:00+00:00,999999142.2010993,3.494958946803628e-06,
2024-02-14 17:45:00+00:00,999999142.2010993,3.494958946803628e-06,
2024-02-14 18:00:00+00:00,999999142.2010993,3.494958946803628e-06,
2024-02-14 18:15:00+00:00,999999142.2010993,3.494958946803628e-06,
2024-02-14 18:30:00+00:00,999999142.2010993,3.494958946803628e-06,
2024-02-14 18:45:00+00:00,999999142.2010993,3.494958946803628e-06,
2024-02-14 19:00:00+00:00,999999142.2010993,3.494958946803628e-06,
2024-02-14 19:15:00+00:00,999999142.2010993,3.494958946803628e-06,
2024-02-14 19:30:00+00:00,999999142.2010993,3.494958946803628e-06,
2024-02-14 19:45:00+00:00,999999142.2010993,3.494958946803628e-06,
2024-02-14 20:00:00+00:00,999999142.2010993,3.494958946803628e-06,
2024-02-14 20:15:00+00:00,999999142.2010993,3.494958946803628e-06,
2024-02-14 20:30:00+00:00,999999142.2010993,3.494958946803628e-06,
2024-02-14 20:45:00+00:00,999999142.2010993,3.494958946803628e-06,
2024-02-15 14:30:00+00:00,999999142.2010993,3.494958946803628e-06,
2024-02-15 14:45:00+00:00,999999124.7058784,3.512454121556985e-06,
2024-02-15 15:00:00+00:00,999998977.595893,3.659563718949599e-06,
2024-02-15 15:15:00+00:00,999998959.2060004,3.6779535630415694e-06,
2024-02-15 15:30:00+00:00,999998873.8351611,3.763324177286087e-06,
2024-02-15 15:45:00+00:00,999998864.9318957,3.772227419096552e-06,
2024-02-15 16:00:00+00:00,999998827.1816516,3.8099775637734368e-06,
2024-02-15 16:15:00+00:00,999998689.1811633,3.9479776881012896e-06,
2024-02-15 16:30:00+00:00,999998774.1817737,3.862977301927195e-06,
2024-02-15 16:45:00+00:00,999998761.6817737,3.875477268988625e-06,
2024-02-15 17:00:00+00:00,999998773.2418323,3.863917240831682e-06,
2024-02-15 17:15:00+00:00,999998819.6834826,3.817475712875051e-06,
2024-02-15 17:30:00+00:00,999998797.1828723,3.83997626396404e-06,
2024-02-15 17:45:00+00:00,999998814.1811633,3.822978017709033e-06,
2024-02-15 18:00:00+00:00,999998893.1820178,3.7439773715730595e-06,
2024-02-15 18:15:00+00:00,999998944.1829944,3.692976529467984e-06,
2024-02-15 18:30:00+00:00,999998932.6809192,3.7044785743400865e-06,
2024-02-15 18:45:00+00:00,999998946.1818957,3.690977633419301e-06,
2024-02-15 19:00:00+00:00,999998911.4315295,3.725727907966103e-06,
2024-02-15 19:15:00+00:00,999998940.6826282,3.696476886472233e-06,
2024-02-15 19:30:00+00:00,999998944.1829944,3.692976529467984e-06,
2024-02-15 19:45:00+00:00,999998963.1832385,3.6739763354942667e-06,
2024-02-15 20:00:00+00:00,999998960.1833606,3.676976205513327e-06,
2024-02-15 20:15:00+00:00,999998939.1811633,3.6979783474277994e-06,
2024-02-15 20:30:00+00:00,999998960.1833606,3.676976205513327e-06,
2024-02-15 20:45:00+00:00,999998927.1816516,3.7099778275040407e-06,
2024-02-16 14:30:00+00:00,999998861.1812854,3.7759780195933956e-06,
2024-02-16 14:45:00+00:00,999998751.1837268,3.8859752881093e-06,
2024-02-16 15:00:00+00:00,999998795.6814075,3.841477724808584e-06,
2024-02-16 15:15:00+00:00,999998822.1828723,3.81497632984118e-06,
2024-02-16 15:30:00+00:00,999998991.1831164,3.6459765313523462e-06,
2024-02-16 15:45:00+00:00,999999014.1811633,3.622978545170241e-06,
2024-02-16 16:00:00+00:00,999999054.1836047,3.5829762092820516e-06,
2024-02-16 16:15:00+00:00,999999066.1831164,3.5709767292058103e-06,
2024-02-16 16:30:00+00:00,999999098.1807971,3.538979132855502e-06,
2024-02-16 16:45:00+00:00,999999159.182384,3.47797770683389e-06,
2024-02-16 17:00:00+00:00,999999121.1818957,3.515978094892347e-06,
2024-02-16 17:15:00+00:00,999999176.1837268,3.4609764089088557e-06,
2024-02-16 17:30:00+00:00,999999169.1829944,3.467977122917354e-06,
2024-02-16 17:45:00+00:00,999999113.1832385,3.5239767310901726e-06,
2024-02-16 18:00:00+00:00,999999131.1825061,3.5059775109758107e-06,
2024-02-16 18:15:00+00:00,999999154.6810412,3.482479037808517e-06,
2024-02-16 18:30:00+00:00,999999154.1836047,3.4829764730126556e-06,
2024-02-16 18:45:00+00:00,999999162.182262,3.47497783681483e-06,
2024-02-16 19:00:00+00:00,999999132.1834826,3.504976537005433e-06,
2024-02-16 19:15:00+00:00,999999112.6827502,3.524477217964339e-06,
2024-02-16 19:30:00+00:00,999999057.1834826,3.5799763392629913e-06,
2024-02-16 19:45:00+00:00,999998921.682384,3.7154770805569726e-06,
2024-02-16 20:00:00+00:00,999998878.6831164,3.7584762346831724e-06,
2024-02-16 20:15:00+00:00,999998903.1826282,3.7339767876565233e-06,
2024-02-16 20:30:00+00:00,999998770.1809192,3.866978145805611e-06,
2024-02-16 20:45:00+00:00,999998834.182384,3.8029768497649385e-06,
2024-02-20 14:30:00+00:00,999998743.6825061,3.893476488991965e-06,
2024-02-20 14:45:00+00:00,999998632.3279238,4.004830777670776e-06,
2024-02-20 15:00:00+00:00,999998632.3279238,4.004830777670776e-06,
2024-02-20 15:15:00+00:00,999998632.3279238,4.004830777670776e-06,
2024-02-20 15:30:00+00:00,999998632.3279238,4.004830777670776e-06,
2024-02-20 15:45:00+00:00,999998632.3279238,4.004830777670776e-06,
2024-02-20 16:00:00+00:00,999998632.3279238,4.004830777670776e-06,
2024-02-20 16:15:00+00:00,999998632.3279238,4.004830777670776e-06,
2024-02-20 16:30:00+00:00,999998425.4497988,4.211708357071409e-06,
2024-02-20 16:45:00+00:00,999998449.4488223,4.187709396918926e-06,
2024-02-20 17:00:00+00:00,999998453.4496768,4.1837085530405105e-06,
2024-02-20 17:15:00+00:00,999998440.4491885,4.196709006976107e-06,
2024-02-20 17:30:00+00:00,999998499.9493105,4.137209041799039e-06,
2024-02-20 17:45:00+00:00,999998573.4478457,4.063710700497047e-06,
2024-02-20 18:00:00+00:00,999998598.948334,4.038210279500021e-06,
2024-02-20 18:15:00+00:00,999998551.4477236,4.085710764600847e-06,
2024-02-20 18:30:00+00:00,999998560.9478457,4.0762106675584775e-06,
2024-02-20 18:45:00+00:00,999998574.4488223,4.06270972652667e-06,
2024-02-20 19:00:00+00:00,999998562.9497988,4.074208719728745e-06,
2024-02-20 19:15:00+00:00,999998596.4489443,4.040709662533892e-06,
2024-02-20 19:30:00+00:00,999998580.4485781,4.056709986488549e-06,
2024-02-20 19:45:00+00:00,999998595.4479678,4.0417106363932476e-06,
2024-02-20 20:00:00+00:00,999998593.4490664,4.043709532552953e-06,
2024-02-20 20:15:00+00:00,999998654.4476016,3.9827111582013686e-06,
2024-02-20 20:30:00+00:00,999998639.4482119,3.99771050829667e-06,
2024-02-20 20:45:00+00:00,999998719.4469912,3.917711939971369e-06,
2024-02-21 14:30:00+00:00,999998481.6997988,4.155458505405996e-06,
2024-02-21 14:45:00+00:00,999998410.3053336,4.226852782340806e-06,
2024-02-21 15:00:00+00:00,999998410.3053336,4.226852782340806e-06,
2024-02-21 15:15:00+00:00,999998410.3053336,4.226852782340806e-06,
2024-02-21 15:30:00+00:00,999998410.3053336,4.226852782340806e-06,
2024-02-21 15:45:00+00:00,999998410.3053336,4.226852782340806e-06,
2024-02-21 16:00:00+00:00,999998410.3053336,4.226852782340806e-06,
2024-02-21 16:15:00+00:00,999998410.3053336,4.226852782340806e-06,
2024-02-21 16:30:00+00:00,999998410.3053336,4.226852782340806e-06,
2024-02-21 16:45:00+00:00,999998410.3053336,4.226852782340806e-06,
2024-02-21 17:00:00+00:00,999998410.3053336,4.226852782340806e-06,
2024-02-21 17:15:00+00:00,999998410.3053336,4.226852782340806e-06,
2024-02-21 17:30:00+00:00,999998410.3053336,4.226852782340806e-06,
2024-02-21 17:45:00+00:00,999998410.3053336,4.226852782340806e-06,
2024-02-21 18:00:00+00:00,999998410.3053336,4.226852782340806e-06,
2024-02-21 18:15:00+00:00,999998410.3053336,4.226852782340806e-06,
2024-02-21 18:30:00+00:00,999998410.3053336,4.226852782340806e-06,
2024-02-21 18:45:00+00:00,999998410.3053336,4.226852782340806e-06,
2024-02-21 19:00:00+00:00,999998410.3053336,4.226852782340806e-06,
2024-02-21 19:15:00+00:00,999998410.3053336,4.226852782340806e-06,
2024-02-21 19:30:00+00:00,999998410.3053336,4.226852782340806e-06,
2024-02-21 19:45:00+00:00,999998410.3053336,4.226852782340806e-06,
2024-02-21 20:00:00+00:00,999998410.3053336,4.226852782340806e-06,
2024-02-21 20:15:00+00:00,999998410.3053336,4.226852782340806e-06,
2024-02-21 20:30:00+00:00,999998410.3053336,4.226852782340806e-06,
2024-02-21 20:45:00+00:00,999998410.3053336,4.226852782340806e-06,
2024-02-22 14:30:00+00:00,999998447.4844352,4.1896737787983085e-06,
2024-02-22 14:45:00+00:00,999998640.4837028,3.996675020156992e-06,
2024-02-22 15:00:00+00:00,999998588.0453483,4.049113236370694e-06,
2024-02-22 15:15:00+00:00,999998638.4848014,3.998673916316697e-06,
2024-02-22 15:30:00+00:00,999998708.4860221,3.9286728802379045e-06,
2024-02-22 15:45:00+00:00,999998776.4852897,3.8606737919888445e-06,
2024-02-22 16:00:00+00:00,999998861.4859,3.7756734057037278e-06,
2024-02-22 16:15:00+00:00,999998927.9837028,3.709175778410234e-06,
2024-02-22 16:30:00+00:00,999998903.4841911,3.7336752255479055e-06,
2024-02-22 16:45:00+00:00,999998886.4859,3.75067347169189e-06,
2024-02-22 17:00:00+00:00,999998890.4837028,3.746675679483502e-06,
2024-02-22 17:15:00+00:00,999998915.5844108,3.721575037696212e-06,
2024-02-22 17:30:00+00:00,999998896.4834586,3.7406759394453815e-06,
2024-02-22 17:45:00+00:00,999998959.4839469,3.6776756172640646e-06,
2024-02-22 18:00:00+00:00,999998867.4856559,3.769673665665607e-06,
2024-02-22 18:15:00+00:00,999998949.9838248,3.6871757143064343e-06,
2024-02-22 18:30:00+00:00,999998949.9838248,3.6871757143064343e-06,
2024-02-22 18:45:00+00:00,999998958.9834586,3.6781761042492533e-06,
2024-02-22 19:00:00+00:00,999998960.4849235,3.6766746434047093e-06,
2024-02-22 19:15:00+00:00,999999044.4845573,3.59267523108997e-06,
2024-02-22 19:30:00+00:00,999999027.4862663,3.609673477344977e-06,
2024-02-22 19:45:00+00:00,999999098.4854118,3.5386745190768565e-06,
2024-02-22 20:00:00+00:00,999999053.9846793,3.5831751341586227e-06,
2024-02-22 20:15:00+00:00,999999105.4861442,3.5316738050683583e-06,
2024-02-22 20:30:00+00:00,999999054.9856559,3.582174160188245e-06,
2024-02-22 20:45:00+00:00,999998934.4839469,3.7026755513869247e-06,
2024-02-23 14:30:00+00:00,999999312.4838248,3.324676670302118e-06,
2024-02-23 14:45:00+00:00,999999344.4845573,3.292676022281782e-06,
2024-02-23 15:00:00+00:00,999999408.1838981,3.228976849456444e-06,
2024-02-23 15:15:00+00:00,999999424.9838248,3.212176966971292e-06,
2024-02-23 15:30:00+00:00,999999388.9852897,3.2481754072000157e-06,
2024-02-23 15:45:00+00:00,999999312.4838248,3.324676670302118e-06,
2024-02-23 16:00:00+00:00,999999255.4861442,3.381674200664264e-06,
2024-02-23 16:15:00+00:00,999999318.984069,3.3181764432788086e-06,
2024-02-23 16:30:00+00:00,999999321.4834586,3.315677060244937e-06,
2024-02-23 16:45:00+00:00,999999331.484069,3.3056764762173785e-06,
2024-02-23 17:00:00+00:00,999999312.4838248,3.324676670302118e-06,
2024-02-23 17:15:00+00:00,999999267.2933952,3.369866980795777e-06,
2024-02-23 17:30:00+00:00,999999273.9859,3.3631744935647134e-06,
2024-02-23 17:45:00+00:00,999999297.4844352,3.3396760203974196e-06,
2024-02-23 18:00:00+00:00,999999268.984069,3.3681763114135066e-06,
2024-02-23 18:15:00+00:00,999999243.4835807,3.3936767325215556e-06,
2024-02-23 18:30:00+00:00,999999180.4861442,3.4566740029218224e-06,
2024-02-23 18:45:00+00:00,999999163.4848014,3.473675300846857e-06,
2024-02-23 19:00:00+00:00,999999134.9844352,3.502175591862944e-06,
2024-02-23 19:15:00+00:00,999999119.9850456,3.5171749419582454e-06,
2024-02-23 19:30:00+00:00,999999180.4861442,3.4566740029218224e-06,
2024-02-23 19:45:00+00:00,999999188.4848014,3.4486753667239967e-06,
2024-02-23 20:00:00+00:00,999999179.8849479,3.457275197571441e-06,
2024-02-23 20:15:00+00:00,999999191.5853873,3.445574788929484e-06,
2024-02-23 20:30:00+00:00,999999224.4833366,3.4126769264952728e-06,
2024-02-23 20:45:00+00:00,999999257.4850456,3.379675304504559e-06,
2024-02-26 14:30:00+00:00,999999117.4856559,3.519674324992117e-06,
2024-02-26 14:45:00+00:00,999999342.9861442,3.294174431456298e-06,
2024-02-26 15:00:00+00:00,999999064.485778,3.5726740631458753e-06,
2024-02-26 15:15:00+00:00,999998966.4846793,3.6706749033665886e-06,
2024-02-26 15:30:00+00:00,999998949.9044791,3.6872550598365805e-06,
2024-02-26 15:45:00+00:00,999998942.9861442,3.6941733765338824e-06,
2024-02-26 16:00:00+00:00,999998920.4855338,3.7166739275118488e-06,
2024-02-26 16:15:00+00:00,999998968.4835807,3.6686760072068836e-06,
2024-02-26 16:30:00+00:00,999999056.9845573,3.5801752641395623e-06,
2024-02-26 16:45:00+00:00,999999047.4844352,3.5896753610709098e-06,
2024-02-26 17:00:00+00:00,999999008.4860221,3.628673671318694e-06,
2024-02-26 17:15:00+00:00,999998990.4837028,3.646675943214106e-06,
2024-02-26 17:30:00+00:00,999998874.4833366,3.7626760035491813e-06,
2024-02-26 17:45:00+00:00,999998878.4841911,3.7586751595597434e-06,
2024-02-26 18:00:00+00:00,999998874.4833366,3.7626760035491813e-06,
2024-02-26 18:15:00+00:00,999998844.4845573,3.7926747037397845e-06,
2024-02-26 18:30:00+00:00,999998826.4852897,3.8106739238541465e-06,
2024-02-26 18:45:00+00:00,999998855.4861442,3.7816731457418484e-06,
2024-02-26 19:00:00+00:00,999998816.4846793,3.820674507770683e-06,
2024-02-26 19:15:00+00:00,999998920.4855338,3.7166739275118488e-06,
2024-02-26 19:30:00+00:00,999998916.4846793,3.7206747715012867e-06,
2024-02-26 19:45:00+00:00,999998903.3254997,3.7338339164971757e-06,
2024-02-26 20:00:00+00:00,999998949.9838248,3.6871757143064343e-06,
2024-02-26 20:15:00+00:00,999998950.4843131,3.6866752273212455e-06,
2024-02-26 20:30:00+00:00,999998889.485778,3.7476736016728296e-06,
2024-02-26 20:45:00+00:00,999998754.4851676,3.882673855981622e-06,
2024-02-27 14:30:00+00:00,999998301.4852897,4.335672539323987e-06,
2024-02-27 14:45:00+00:00,999998309.4839469,4.327673903126161e-06,
2024-02-27 15:00:00+00:00,999998222.4844352,4.414673185459961e-06,
2024-02-27 15:15:00+00:00,999998266.4846793,4.370673057363383e-06,
2024-02-27 15:30:00+00:00,999998124.4833366,4.512674025680674e-06,
2024-02-27 15:45:00+00:00,999998190.4837028,4.446673833480297e-06,
2024-02-27 16:00:00+00:00,999998178.4841911,4.458673313556538e-06,
2024-02-27 16:15:00+00:00,999998136.4859,4.500671493823383e-06,
2024-02-27 16:30:00+00:00,999998101.4852897,4.535672011862779e-06,
2024-02-27 16:45:00+00:00,999998159.4839469,4.477673507530255e-06,
2024-02-27 17:00:00+00:00,999998165.4837028,4.471673767492135e-06,
2024-02-27 17:15:00+00:00,999998134.4839469,4.5026734416531156e-06,
2024-02-27 17:30:00+00:00,999998122.4844352,4.514672921729357e-06,
2024-02-27 17:45:00+00:00,999998060.4849235,4.576672269940296e-06,
2024-02-27 18:00:00+00:00,999998098.4854118,4.5386718818818395e-06,
2024-02-27 18:15:00+00:00,999998095.2352897,4.541921995393494e-06,
2024-02-27 18:30:00+00:00,999998133.4860221,4.503671363842443e-06,
2024-02-27 18:45:00+00:00,999998159.4839469,4.477673507530255e-06,
2024-02-27 19:00:00+00:00,999998156.484069,4.480673377549316e-06,
2024-02-27 19:15:00+00:00,999998172.9849235,4.46417256660947e-06,
2024-02-27 19:30:00+00:00,999998125.4843131,4.5116730517102965e-06,
2024-02-27 19:45:00+00:00,999998185.4849235,4.45167259954804e-06,
2024-02-27 20:00:00+00:00,999998224.4833366,4.412674289300256e-06,
2024-02-27 20:15:00+00:00,999998228.4841911,4.40867344542184e-06,
2024-02-27 20:30:00+00:00,999998222.4844352,4.414673185459961e-06,
2024-02-27 20:45:00+00:00,999998190.4837028,4.446673833480297e-06,
2024-02-28 14:30:00+00:00,999998071.0134879,4.566143733231165e-06,
2024-02-28 14:45:00+00:00,999998098.9859,4.538171394896651e-06,
2024-02-28 15:00:00+00:00,999998187.9843131,4.449173216514168e-06,
2024-02-28 15:15:00+00:00,999998301.4852897,4.335672539323987e-06,
2024-02-28 15:30:00+00:00,999998361.4859,4.27567208716173e-06,
2024-02-28 15:45:00+00:00,999998538.4848014,4.098673652586093e-06,
2024-02-28 16:00:00+00:00,999998461.4859,4.175672350892334e-06,
2024-02-28 16:15:00+00:00,999998475.4843131,4.16167397476741e-06,
2024-02-28 16:30:00+00:00,999998512.4838248,4.124674560568309e-06,
2024-02-28 16:45:00+00:00,999998534.4839469,4.102674496464509e-06,
2024-02-28 17:00:00+00:00,999998539.485778,4.097672678615716e-06,
2024-02-28 17:15:00+00:00,999998421.9839469,4.215174199795335e-06,
2024-02-28 17:30:00+00:00,999998409.4839469,4.227674166856765e-06,
2024-02-28 17:45:00+00:00,999998434.9844352,4.2021737458597386e-06,
2024-02-28 18:00:00+00:00,999998423.4854118,4.213672738950791e-06,
2024-02-28 18:15:00+00:00,999998533.4860221,4.1036724186538365e-06,
2024-02-28 18:30:00+00:00,999998551.985778,4.085172711665308e-06,
2024-02-28 18:45:00+00:00,999998507.9855338,4.1291728397618854e-06,
2024-02-28 19:00:00+00:00,999998401.985778,4.235172316069402e-06,
2024-02-28 19:15:00+00:00,999998423.4854118,4.213672738950791e-06,
2024-02-28 19:30:00+00:00,999998393.984069,4.243174003937256e-06,
2024-02-28 19:45:00+00:00,999998451.4852897,4.185672934919893e-06,
2024-02-28 20:00:00+00:00,999998413.4848014,4.22367332297835e-06,
2024-02-28 20:15:00+00:00,999998453.4841911,4.183674038760188e-06,
2024-02-28 20:30:00+00:00,999998347.9849235,4.289173028082516e-06,
2024-02-28 20:45:00+00:00,999998368.4835807,4.268674424934282e-06,
2024-02-29 14:30:00+00:00,999998511.4859,4.125672482757636e-06,
2024-02-29 14:45:00+00:00,999998705.9835807,3.931175315052826e-06,
2024-02-29 15:00:00+00:00,999998664.485778,3.972673008334482e-06,
2024-02-29 15:15:00+00:00,999998740.4837028,3.896675283887596e-06,
2024-02-29 15:30:00+00:00,999998624.4833366,4.0126753442226715e-06,
2024-02-29 15:45:00+00:00,999998585.4849235,4.051673654470456e-06,
2024-02-29 16:00:00+00:00,999998691.274108,3.945884748834949e-06,
2024-02-29 16:15:00+00:00,999998707.4850456,3.92967385409726e-06,
2024-02-29 16:30:00+00:00,999998630.9835807,4.006175117199362e-06,
2024-02-29 16:45:00+00:00,999998602.4862663,4.034672356545421e-06,
2024-02-29 17:00:00+00:00,999998555.4861442,4.081672354661059e-06,
2024-02-29 17:15:00+00:00,999998533.4860221,4.1036724186538365e-06,
2024-02-29 17:30:00+00:00,999998538.4848014,4.098673652586093e-06,
2024-02-29 17:45:00+00:00,999998629.4851676,4.007673526373878e-06,
2024-02-29 18:00:00+00:00,999998576.4852897,4.060673264527637e-06,
2024-02-29 18:15:00+00:00,999998498.4854118,4.138672936693233e-06,
2024-02-29 18:30:00+00:00,999998498.4854118,4.138672936693233e-06,
2024-02-29 18:45:00+00:00,999998504.9856559,4.132172709780946e-06,
2024-02-29 19:00:00+00:00,999998461.4859,4.175672350892334e-06,
2024-02-29 19:15:00+00:00,999998428.9846793,4.208173485897859e-06,
2024-02-29 19:30:00+00:00,999998430.4861442,4.206672024942293e-06,
2024-02-29 19:45:00+00:00,999998454.4851676,4.1826730649008326e-06,
2024-02-29 20:00:00+00:00,999998444.4845573,4.192673648817369e-06,
2024-02-29 20:15:00+00:00,999998414.485778,4.222672349007972e-06,
2024-02-29 20:30:00+00:00,999998350.4843131,4.286673645048644e-06,
2024-02-29 20:45:00+00:00,999998215.4837028,4.421673899357437e-06,
2024-03-01 14:30:00+00:00,999998187.4838248,4.449673703499357e-06,
2024-03-01 14:45:00+00:00,999998209.4839469,4.427673639395557e-06,
2024-03-01 15:00:00+00:00,999998174.9838248,4.462173670560787e-06,
2024-03-01 15:15:00+00:00,999998209.9844352,4.427173152521391e-06,
2024-03-01 15:30:00+00:00,999998239.9862663,4.3971714005497375e-06,
2024-03-01 15:45:00+00:00,999998325.4843131,4.311673579171504e-06,
2024-03-01 16:00:00+00:00,999998342.9861442,4.294171794261281e-06,
2024-03-01 16:15:00+00:00,999998313.9852897,4.323172572262557e-06,
2024-03-01 16:30:00+00:00,999998300.4843131,4.336673513183342e-06,
2024-03-01 16:45:00+00:00,999998375.9848014,4.261173224051618e-06,
2024-03-01 17:00:00+00:00,999998433.4860221,4.2036721549232325e-06,
2024-03-01 17:15:00+00:00,999998536.9833366,4.1001751134306375e-06,
2024-03-01 17:30:00+00:00,999998554.4851676,4.082673328520414e-06,
2024-03-01 17:45:00+00:00,999998614.485778,4.02267287646918e-06,
2024-03-01 18:00:00+00:00,999998559.4839469,4.077674562452671e-06,
2024-03-01 18:15:00+00:00,999998475.4843131,4.16167397476741e-06,
2024-03-01 18:30:00+00:00,999998461.4859,4.175672350892334e-06,
2024-03-01 18:45:00+00:00,999998449.0042106,4.188154007378486e-06,
2024-03-01 19:00:00+00:00,999998479.9856559,4.157172643792784e-06,
2024-03-01 19:15:00+00:00,999998465.4837028,4.1716745586839465e-06,
2024-03-01 19:30:00+00:00,999998473.9035026,4.1632547811421006e-06,
2024-03-01 19:45:00+00:00,999998457.8634635,4.179294777806319e-06,
2024-03-01 20:00:00+00:00,999998397.9849235,4.239173159947818e-06,
2024-03-01 20:15:00+00:00,999998402.4862663,4.234671829084213e-06,
2024-03-01 20:30:00+00:00,999998416.4846793,4.220673452959289e-06,
2024-03-01 20:45:00+00:00,999998326.4852897,4.310672605201127e-06,
2024-03-04 14:30:00+00:00,999997997.9849235,4.639172105136424e-06,
2024-03-04 14:45:00+00:00,999998159.4839469,4.477673507530255e-06,
2024-03-04 15:00:00+00:00,999997947.4844352,4.689672460256311e-06,
2024-03-04 15:15:00+00:00,999997940.4837028,4.696673174153787e-06,
2024-03-04 15:30:00+00:00,999998083.4860221,4.553671231977141e-06,
2024-03-04 15:45:00+00:00,999998049.9838248,4.587173340842021e-06,
2024-03-04 16:00:00+00:00,999998055.9835807,4.5811736008039006e-06,
2024-03-04 16:15:00+00:00,999998020.4855338,4.616671554158458e-06,
2024-03-04 16:30:00+00:00,999998004.4851676,4.632671878113115e-06,
2024-03-04 16:45:00+00:00,999998075.9848014,4.561172432859806e-06,
2024-03-04 17:00:00+00:00,999998074.4833366,4.562673893815372e-06,
2024-03-04 17:15:00+00:00,999998107.4850456,4.5296722718246585e-06,
2024-03-04 17:30:00+00:00,999998107.9855338,4.52917178483947e-06,
2024-03-04 17:45:00+00:00,999998063.4848014,4.573672399921236e-06,
2024-03-04 18:00:00+00:00,999998010.4849235,4.626672138074994e-06,
2024-03-04 18:15:00+00:00,999998002.4862663,4.63467077427282e-06,
2024-03-04 18:30:00+00:00,999998031.484069,4.605673047941572e-06,
2024-03-04 18:45:00+00:00,999998018.984069,4.618173015003002e-06,
2024-03-04 19:00:00+00:00,999998041.4846793,4.595672464025036e-06,
2024-03-04 19:15:00+00:00,999998032.4850456,4.604672074082217e-06,
2024-03-04 19:30:00+00:00,999998097.4844352,4.539672855852217e-06,
2024-03-04 19:45:00+00:00,999998091.4846793,4.545672595890338e-06,
2024-03-04 20:00:00+00:00,999998051.4852897,4.585671879997477e-06,
2024-03-04 20:15:00+00:00,999998032.4850456,4.604672074082217e-06,
2024-03-04 20:30:00+00:00,999998014.485778,4.622671294196579e-06,
2024-03-04 20:45:00+00:00,999997958.4860221,4.678670902369397e-06,
2024-03-05 14:30:00+00:00,999997737.7335887,4.899422753612548e-06,
2024-03-05 14:45:00+00:00,999997737.7335887,4.899422753612548e-06,
2024-03-05 15:00:00+00:00,999997737.7335887,4.899422753612548e-06,
2024-03-05 15:15:00+00:00,999997737.7335887,4.899422753612548e-06,
2024-03-05 15:30:00+00:00,999997737.7335887,4.899422753612548e-06,
2024-03-05 15:45:00+00:00,999997737.7335887,4.899422753612548e-06,
2024-03-05 16:00:00+00:00,999997737.7335887,4.899422753612548e-06,
2024-03-05 16:15:00+00:00,999997737.7335887,4.899422753612548e-06,
2024-03-05 16:30:00+00:00,999997737.7335887,4.899422753612548e-06,
2024-03-05 16:45:00+00:00,999997737.7335887,4.899422753612548e-06,
2024-03-05 17:00:00+00:00,999997737.7335887,4.899422753612548e-06,
2024-03-05 17:15:00+00:00,999997737.7335887,4.899422753612548e-06,
2024-03-05 17:30:00+00:00,999997737.7335887,4.899422753612548e-06,
2024-03-05 17:45:00+00:00,999997737.7335887,4.899422753612548e-06,
2024-03-05 18:00:00+00:00,999997737.7335887,4.899422753612548e-06,
2024-03-05 18:15:00+00:00,999997737.7335887,4.899422753612548e-06,
2024-03-05 18:30:00+00:00,999997737.7335887,4.899422753612548e-06,
2024-03-05 18:45:00+00:00,999997737.7335887,4.899422753612548e-06,
2024-03-05 19:00:00+00:00,999997737.7335887,4.899422753612548e-06,
2024-03-05 19:15:00+00:00,999997737.7335887,4.899422753612548e-06,
2024-03-05 19:30:00+00:00,999997737.7335887,4.899422753612548e-06,
2024-03-05 19:45:00+00:00,999997737.7335887,4.899422753612548e-06,
2024-03-05 20:00:00+00:00,999997737.7335887,4.899422753612548e-06,
2024-03-05 20:15:00+00:00,999997737.7335887,4.899422753612548e-06,
2024-03-05 20:30:00+00:00,999997737.7335887,4.899422753612548e-06,
2024-03-05 20:45:00+00:00,999997737.7335887,4.899422753612548e-06,
2024-03-06 14:30:00+00:00,999997737.7335887,4.899422753612548e-06,
2024-03-06 14:45:00+00:00,999997737.7335887,4.899422753612548e-06,
2024-03-06 15:00:00+00:00,999997737.7335887,4.899422753612548e-06,
2024-03-06 15:15:00+00:00,999997631.6233897,5.005532672686108e-06,
2024-03-06 15:30:00+00:00,999997600.7243419,5.036431639071637e-06,
2024-03-06 15:45:00+00:00,999997574.625709,5.062530203048254e-06,
2024-03-06 16:00:00+00:00,999997570.6156993,5.06654020226982e-06,
2024-03-06 16:15:00+00:00,999997677.1250987,4.960031083744987e-06,
2024-03-06 16:30:00+00:00,999997628.6235118,5.0085325427051686e-06,
2024-03-06 16:45:00+00:00,999997680.6254649,4.956530726740738e-06,
2024-03-06 17:00:00+00:00,999997741.6240001,4.895532352500176e-06,
2024-03-06 17:15:00+00:00,999997654.1240001,4.983032121708142e-06,
2024-03-06 17:30:00+00:00,999997714.1246104,4.923031669545885e-06,
2024-03-06 17:45:00+00:00,999997709.6232677,4.927533000520512e-06,
2024-03-06 18:00:00+00:00,999997719.623878,4.9175324164929535e-06,
2024-03-06 18:15:00+00:00,999997759.6232677,4.877533132385814e-06,
2024-03-06 18:30:00+00:00,999997765.1957774,4.871960637253814e-06,
2024-03-06 18:45:00+00:00,999997720.6248546,4.916531442633598e-06,
2024-03-06 19:00:00+00:00,999997645.6248546,4.991531244780134e-06,
2024-03-06 19:15:00+00:00,999997733.1248546,4.904031475572168e-06,
2024-03-06 19:30:00+00:00,999997648.6247325,4.988531374761074e-06,
2024-03-06 19:45:00+00:00,999997641.6240001,4.995532088769572e-06,
2024-03-06 20:00:00+00:00,999997648.6247325,4.988531374761074e-06,
2024-03-06 20:15:00+00:00,999997720.6248546,4.916531442633598e-06,
2024-03-06 20:30:00+00:00,999997691.6240001,4.945532220634874e-06,
2024-03-06 20:45:00+00:00,999997702.625587,4.93453066274796e-06,
2024-03-07 14:30:00+00:00,999997945.6248546,4.691532035971946e-06,
2024-03-07 14:45:00+00:00,999997967.6249766,4.669531971868146e-06,
2024-03-07 15:00:00+00:00,999998037.6261973,4.599530935789353e-06,
2024-03-07 15:15:00+00:00,999998117.6249766,4.519532367464052e-06,
2024-03-07 15:30:00+00:00,999998130.6254649,4.506531913528455e-06,
2024-03-07 15:45:00+00:00,999998086.1247325,4.551032528499199e-06,
2024-03-07 16:00:00+00:00,999997947.6237559,4.689533139812241e-06,
2024-03-07 16:15:00+00:00,999997872.6237559,4.764532942069799e-06,
2024-03-07 16:30:00+00:00,999997892.6249766,4.744531774125704e-06,
2024-03-07 16:45:00+00:00,999997947.6237559,4.689533139812241e-06,
2024-03-07 17:00:00+00:00,999997903.6235118,4.7335332680198405e-06,
2024-03-07 17:15:00+00:00,999997899.1252208,4.738031547102395e-06,
2024-03-07 17:30:00+00:00,999997898.6247325,4.738532034087584e-06,
2024-03-07 17:45:00+00:00,999997869.623878,4.767532812088859e-06,
2024-03-07 18:00:00+00:00,999997862.6261973,4.7745304743163075e-06,
2024-03-07 18:15:00+00:00,999997872.6237559,4.764532942069799e-06,
2024-03-07 18:30:00+00:00,999997902.625587,4.734531190098146e-06,
2024-03-07 18:45:00+00:00,999997948.6247325,4.688532165952886e-06,
2024-03-07 19:00:00+00:00,999997915.6260753,4.721530736162549e-06,
2024-03-07 19:15:00+00:00,999997893.6259532,4.743530800155327e-06,
2024-03-07 19:30:00+00:00,999997837.6261973,4.799530408328145e-06,
2024-03-07 19:45:00+00:00,999997814.6250987,4.822531446402323e-06,
2024-03-07 20:00:00+00:00,999997812.6261973,4.8245303424510055e-06,
2024-03-07 20:15:00+00:00,999997766.1235118,4.8710329053625046e-06,
2024-03-07 20:30:00+00:00,999997819.1233897,4.818033167208746e-06,
2024-03-07 20:45:00+00:00,999997765.6260753,4.871530340566643e-06,
2024-03-08 14:30:00+00:00,999998011.6252208,4.625531843771569e-06,
2024-03-08 14:45:00+00:00,999998016.1235118,4.621033564689014e-06,
2024-03-08 15:00:00+00:00,999998107.6243663,4.5295329514916105e-06,
2024-03-08 15:15:00+00:00,999998050.6236339,4.5865335335237845e-06,
2024-03-08 15:30:00+00:00,999998103.1260753,4.534031230574165e-06,
2024-03-08 15:45:00+00:00,999998075.1261973,4.562031034716085e-06,
2024-03-08 16:00:00+00:00,999998097.1232677,4.5400340223933355e-06,
2024-03-08 16:15:00+00:00,999998024.1252208,4.613031876710139e-06,
2024-03-08 16:30:00+00:00,999997937.6261973,4.699530672058749e-06,
2024-03-08 16:45:00+00:00,999997971.1253428,4.666031614974919e-06,
2024-03-08 17:00:00+00:00,999997963.6241221,4.673532815857584e-06,
2024-03-08 17:15:00+00:00,999998040.6260753,4.596531065770293e-06,
2024-03-08 17:30:00+00:00,999998019.623878,4.617533207684765e-06,
2024-03-08 17:45:00+00:00,999997963.6241221,4.673532815857584e-06,
2024-03-08 18:00:00+00:00,999997939.6250987,4.6975317760100666e-06,
2024-03-08 18:15:00+00:00,999997914.1246104,4.723032197007093e-06,
2024-03-08 18:30:00+00:00,999997824.4334483,4.8127231225825184e-06,
2024-03-08 18:45:00+00:00,999997857.6243663,4.779532292165101e-06,
2024-03-08 19:00:00+00:00,999997897.6237559,4.739533008057961e-06,
2024-03-08 19:15:00+00:00,999997966.6240001,4.670532945838524e-06,
2024-03-08 19:30:00+00:00,999997969.623878,4.667533075819463e-06,
2024-03-08 19:45:00+00:00,999998006.1259532,4.6310310968245005e-06,
2024-03-08 20:00:00+00:00,999997935.6242442,4.701532619888482e-06,
2024-03-08 20:15:00+00:00,999997871.6258311,4.7655308642591265e-06,
2024-03-08 20:30:00+00:00,999997921.1253428,4.716031483109617e-06,
2024-03-08 20:45:00+00:00,999997915.6260753,4.721530736162549e-06,
2024-03-11 13:30:00+00:00,999997668.0247569,4.96913140157762e-06,
2024-03-11 13:45:00+00:00,999997593.6259532,5.043530009074537e-06,
2024-03-11 14:00:00+00:00,999997497.7228944,5.139432814882383e-06,
2024-03-11 14:15:00+00:00,999997497.7228944,5.139432814882383e-06,
2024-03-11 14:30:00+00:00,999997497.7228944,5.139432814882383e-06,
2024-03-11 14:45:00+00:00,999997497.7228944,5.139432814882383e-06,
2024-03-11 15:00:00+00:00,999997497.7228944,5.139432814882383e-06,
2024-03-11 15:15:00+00:00,999997497.7228944,5.139432814882383e-06,
2024-03-11 15:30:00+00:00,999997497.7228944,5.139432814882383e-06,
2024-03-11 15:45:00+00:00,999997497.7228944,5.139432814882383e-06,
2024-03-11 16:00:00+00:00,999997497.7228944,5.139432814882383e-06,
2024-03-11 16:15:00+00:00,999997497.7228944,5.139432814882383e-06,
2024-03-11 16:30:00+00:00,999997497.7228944,5.139432814882383e-06,
2024-03-11 16:45:00+00:00,999997497.7228944,5.139432814882383e-06,
2024-03-11 17:00:00+00:00,999997497.7228944,5.139432814882383e-06,
2024-03-11 17:15:00+00:00,999997497.7228944,5.139432814882383e-06,
2024-03-11 17:30:00+00:00,999997497.7228944,5.139432814882383e-06,
2024-03-11 17:45:00+00:00,999997497.7228944,5.139432814882383e-06,
2024-03-11 18:00:00+00:00,999997497.7228944,5.139432814882383e-06,
2024-03-11 18:15:00+00:00,999997497.7228944,5.139432814882383e-06,
2024-03-11 18:30:00+00:00,999997497.7228944,5.139432814882383e-06,
2024-03-11 18:45:00+00:00,999997497.7228944,5.139432814882383e-06,
2024-03-11 19:00:00+00:00,999997497.7228944,5.139432814882383e-06,
2024-03-11 19:15:00+00:00,999997497.7228944,5.139432814882383e-06,
2024-03-11 19:30:00+00:00,999997497.7228944,5.139432814882383e-06,
2024-03-11 19:45:00+00:00,999997346.9594438,5.290195867924119e-06,
2024-03-12 13:30:00+00:00,999997346.9594438,5.290195867924119e-06,
2024-03-12 13:45:00+00:00,999997459.9550309,5.1772005787986686e-06,
2024-03-12 14:00:00+00:00,999997551.4528337,5.085703017382315e-06,
2024-03-12 14:15:00+00:00,999997516.4033952,5.120752363474423e-06,
2024-03-12 14:30:00+00:00,999997453.4547868,5.183700805821978e-06,
2024-03-12 14:45:00+00:00,999997435.4524674,5.20170307771739e-06,
2024-03-12 15:00:00+00:00,999997383.4535661,5.253701841900771e-06,
2024-03-12 15:15:00+00:00,999997340.9547868,5.296200509152804e-06,
2024-03-12 15:30:00+00:00,999997304.4527116,5.332702488036745e-06,
2024-03-12 15:45:00+00:00,999997307.4525895,5.329702618017684e-06,
2024-03-12 16:00:00+00:00,999997313.4523454,5.323702877979564e-06,
2024-03-12 16:15:00+00:00,999997297.4550309,5.339700150264193e-06,
2024-03-12 16:30:00+00:00,999997214.4533219,5.4227016403896044e-06,
2024-03-12 16:45:00+00:00,999997167.1420777,5.4700127598561465e-06,
2024-03-12 17:00:00+00:00,999997167.1420777,5.4700127598561465e-06,
2024-03-12 17:15:00+00:00,999997167.1420777,5.4700127598561465e-06,
2024-03-12 17:30:00+00:00,999997145.5644898,5.4915902908403424e-06,
2024-03-12 17:45:00+00:00,999997164.564734,5.472590096755603e-06,
2024-03-12 18:00:00+00:00,999997176.5642457,5.460590616679362e-06,
2024-03-12 18:15:00+00:00,999997211.0643678,5.426090585625154e-06,
2024-03-12 18:30:00+00:00,999997060.5669312,5.576587625233387e-06,
2024-03-12 18:45:00+00:00,999997202.064734,5.435090195682335e-06,
2024-03-12 19:00:00+00:00,999997266.5666871,5.370588412656474e-06,
2024-03-12 19:15:00+00:00,999997240.5657105,5.3965893206386895e-06,
2024-03-12 19:30:00+00:00,999997192.5646119,5.4445902926136824e-06,
2024-03-12 19:45:00+00:00,999997160.5669312,5.476587888963991e-06,
2024-03-13 13:30:00+00:00,999996973.5061226,5.6636482043126435e-06,
2024-03-13 13:45:00+00:00,999996973.5061226,5.6636482043126435e-06,
2024-03-13 14:00:00+00:00,999996873.0129769,5.764141084996233e-06,
2024-03-13 14:15:00+00:00,999996894.2623665,5.742891751370216e-06,
2024-03-13 14:30:00+00:00,999996846.7617562,5.7903922364710425e-06,
2024-03-13 14:45:00+00:00,999996962.2616341,5.674892663121156e-06,
2024-03-13 15:00:00+00:00,999996936.8923714,5.7002618588652965e-06,
2024-03-13 15:15:00+00:00,999996944.7628548,5.692391396250329e-06,
2024-03-13 15:30:00+00:00,999997010.763221,5.626391204160974e-06,
2024-03-13 15:45:00+00:00,999996985.2627327,5.651891625158001e-06,
2024-03-13 16:00:00+00:00,999996952.761512,5.684392760163526e-06,
2024-03-13 16:15:00+00:00,999996975.7626107,5.661391722200371e-06,
2024-03-13 16:30:00+00:00,999996983.7612679,5.653393086002545e-06,
2024-03-13 16:45:00+00:00,999996992.7609017,5.644393475945364e-06,
2024-03-13 17:00:00+00:00,999997012.7621224,5.624392308001269e-06,
2024-03-13 17:15:00+00:00,999996986.7611458,5.650393215983485e-06,
2024-03-13 17:30:00+00:00,999996965.7620003,5.671392306116907e-06,
2024-03-13 17:45:00+00:00,999996935.2627327,5.701891493292699e-06,
2024-03-13 18:00:00+00:00,999996937.7621224,5.699392110258827e-06,
2024-03-13 18:15:00+00:00,999996930.76139,5.706392824156303e-06,
2024-03-13 18:30:00+00:00,999996854.7634652,5.782390548603189e-06,
2024-03-13 18:45:00+00:00,999996829.2629769,5.807890969600216e-06,
2024-03-13 19:00:00+00:00,999996832.7633431,5.8043906125959666e-06,
2024-03-13 19:15:00+00:00,999996745.2792516,5.891874473418213e-06,
2024-03-13 19:30:00+00:00,999996745.2792516,5.891874473418213e-06,
2024-03-13 19:45:00+00:00,999996745.2792516,5.891874473418213e-06,
2024-03-14 13:30:00+00:00,999996745.2792516,5.891874473418213e-06,
2024-03-14 13:45:00+00:00,999996745.2792516,5.891874473418213e-06,
2024-03-14 14:00:00+00:00,999996745.2792516,5.891874473418213e-06,
2024-03-14 14:15:00+00:00,999996745.2792516,5.891874473418213e-06,
2024-03-14 14:30:00+00:00,999996745.2792516,5.891874473418213e-06,
2024-03-14 14:45:00+00:00,999996745.2792516,5.891874473418213e-06,
2024-03-14 15:00:00+00:00,999996745.2792516,5.891874473418213e-06,
2024-03-14 15:15:00+00:00,999996745.2792516,5.891874473418213e-06,
2024-03-14 15:30:00+00:00,999996745.2792516,5.891874473418213e-06,
2024-03-14 15:45:00+00:00,999996745.2792516,5.891874473418213e-06,
2024-03-14 16:00:00+00:00,999996745.2792516,5.891874473418213e-06,
2024-03-14 16:15:00+00:00,999996745.2792516,5.891874473418213e-06,
2024-03-14 16:30:00+00:00,999996745.2792516,5.891874473418213e-06,
2024-03-14 16:45:00+00:00,999996745.2792516,5.891874473418213e-06,
2024-03-14 17:00:00+00:00,999996745.2792516,5.891874473418213e-06,
2024-03-14 17:15:00+00:00,999996745.2792516,5.891874473418213e-06,
2024-03-14 17:30:00+00:00,999996745.2792516,5.891874473418213e-06,
2024-03-14 17:45:00+00:00,999996745.2792516,5.891874473418213e-06,
2024-03-14 18:00:00+00:00,999996745.2792516,5.891874473418213e-06,
2024-03-14 18:15:00+00:00,999996745.2792516,5.891874473418213e-06,
2024-03-14 18:30:00+00:00,999996745.2792516,5.891874473418213e-06,
2024-03-14 18:45:00+00:00,999996745.2792516,5.891874473418213e-06,
2024-03-14 19:00:00+00:00,999996745.2792516,5.891874473418213e-06,
2024-03-14 19:15:00+00:00,999996745.2792516,5.891874473418213e-06,
2024-03-14 19:30:00+00:00,999996745.2792516,5.891874473418213e-06,
2024-03-14 19:45:00+00:00,999996745.2792516,5.891874473418213e-06,
2024-03-15 13:30:00+00:00,999996745.2792516,5.891874473418213e-06,
2024-03-15 13:45:00+00:00,999996745.2792516,5.891874473418213e-06,
2024-03-15 14:00:00+00:00,999996745.2792516,5.891874473418213e-06,
2024-03-15 14:15:00+00:00,999996745.2792516,5.891874473418213e-06,
2024-03-15 14:30:00+00:00,999996745.2792516,5.891874473418213e-06,
2024-03-15 14:45:00+00:00,999996745.2792516,5.891874473418213e-06,
2024-03-15 15:00:00+00:00,999996745.2792516,5.891874473418213e-06,
2024-03-15 15:15:00+00:00,999996745.2792516,5.891874473418213e-06,
2024-03-15 15:30:00+00:00,999996745.2792516,5.891874473418213e-06,
2024-03-15 15:45:00+00:00,999996745.2792516,5.891874473418213e-06,
2024-03-15 16:00:00+00:00,999996745.2792516,5.891874473418213e-06,
2024-03-15 16:15:00+00:00,999996745.2792516,5.891874473418213e-06,
2024-03-15 16:30:00+00:00,999996745.2792516,5.891874473418213e-06,
2024-03-15 16:45:00+00:00,999996745.2792516,5.891874473418213e-06,
2024-03-15 17:00:00+00:00,999996745.2792516,5.891874473418213e-06,
2024-03-15 17:15:00+00:00,999996745.2792516,5.891874473418213e-06,
2024-03-15 17:30:00+00:00,999996745.2792516,5.891874473418213e-06,
2024-03-15 17:45:00+00:00,999996745.2792516,5.891874473418213e-06,
2024-03-15 18:00:00+00:00,999996745.2792516,5.891874473418213e-06,
2024-03-15 18:15:00+00:00,999996745.2792516,5.891874473418213e-06,
2024-03-15 18:30:00+00:00,999996745.2792516,5.891874473418213e-06,
2024-03-15 18:45:00+00:00,999996745.2792516,5.891874473418213e-06,
2024-03-15 19:00:00+00:00,999996745.2792516,5.891874473418213e-06,
2024-03-15 19:15:00+00:00,999996745.2792516,5.891874473418213e-06,
2024-03-15 19:30:00+00:00,999996745.2792516,5.891874473418213e-06,
2024-03-15 19:45:00+00:00,999996745.2792516,5.891874473418213e-06,
2024-03-18 13:30:00+00:00,999996745.2792516,5.891874473418213e-06,
2024-03-18 13:45:00+00:00,999996533.9652691,6.103187898620632e-06,
2024-03-18 14:00:00+00:00,999996453.6296123,6.18352334358363e-06,
2024-03-18 14:15:00+00:00,999996477.6286358,6.1595243834311475e-06,
2024-03-18 14:30:00+00:00,999996354.6275371,6.282525157663699e-06,
2024-03-18 14:45:00+00:00,999996426.1271709,6.21102571241039e-06,
2024-03-18 15:00:00+00:00,999996433.8786358,6.2032742680351305e-06,
2024-03-18 15:15:00+00:00,999996452.6286358,6.184524317442985e-06,
2024-03-18 15:30:00+00:00,999996450.6297344,6.18652321360269e-06,
2024-03-18 15:45:00+00:00,999996436.6282696,6.2005246415086646e-06,
2024-03-18 16:00:00+00:00,999996436.1277813,6.201025128493853e-06,
2024-03-18 16:15:00+00:00,999996453.6296123,6.18352334358363e-06,
2024-03-18 16:30:00+00:00,999996430.6285137,6.206524381546785e-06,
2024-03-18 16:45:00+00:00,999996419.6299785,6.217522887652649e-06,
2024-03-18 17:00:00+00:00,999996462.6292461,6.174523733526449e-06,
2024-03-18 17:15:00+00:00,999996449.6287578,6.187524187462046e-06,
2024-03-18 17:30:00+00:00,999996317.9003392,6.3192522586907884e-06,
2024-03-18 17:45:00+00:00,999996317.9003392,6.3192522586907884e-06,
2024-03-18 18:00:00+00:00,999996317.9003392,6.3192522586907884e-06,
2024-03-18 18:15:00+00:00,999996317.9003392,6.3192522586907884e-06,
2024-03-18 18:30:00+00:00,999996317.9003392,6.3192522586907884e-06,
2024-03-18 18:45:00+00:00,999996317.9003392,6.3192522586907884e-06,
2024-03-18 19:00:00+00:00,999996317.9003392,6.3192522586907884e-06,
2024-03-18 19:15:00+00:00,999996317.9003392,6.3192522586907884e-06,
2024-03-18 19:30:00+00:00,999996317.9003392,6.3192522586907884e-06,
2024-03-18 19:45:00+00:00,999996317.9003392,6.3192522586907884e-06,
2024-03-19 13:30:00+00:00,999996317.9003392,6.3192522586907884e-06,
2024-03-19 13:45:00+00:00,999996317.9003392,6.3192522586907884e-06,
2024-03-19 14:00:00+00:00,999996317.9003392,6.3192522586907884e-06,
2024-03-19 14:15:00+00:00,999996317.9003392,6.3192522586907884e-06,
2024-03-19 14:30:00+00:00,999996317.9003392,6.3192522586907884e-06,
2024-03-19 14:45:00+00:00,999996317.9003392,6.3192522586907884e-06,
2024-03-19 15:00:00+00:00,999996317.9003392,6.3192522586907884e-06,
2024-03-19 15:15:00+00:00,999996317.9003392,6.3192522586907884e-06,
2024-03-19 15:30:00+00:00,999996235.2652379,6.401887142071239e-06,
2024-03-19 15:45:00+00:00,999996256.7648717,6.380387564952628e-06,
2024-03-19 16:00:00+00:00,999996217.2659703,6.419886362185601e-06,
2024-03-19 16:15:00+00:00,999996265.2640172,6.371888441880635e-06,
2024-03-19 16:30:00+00:00,999996314.2660924,6.322886495935265e-06,
2024-03-19 16:45:00+00:00,999996263.2651159,6.3738873380403405e-06,
2024-03-19 17:00:00+00:00,999996258.2663366,6.3788861041080835e-06,
2024-03-19 17:15:00+00:00,999996248.2657262,6.388886688135642e-06,
2024-03-19 17:30:00+00:00,999996231.2643834,6.4058879860606766e-06,
2024-03-19 17:45:00+00:00,999996177.263529,6.45988869807379e-06,
2024-03-19 18:00:00+00:00,999996155.2664586,6.48188571039654e-06,
2024-03-19 18:15:00+00:00,999996229.7659703,6.4073863951241705e-06,
2024-03-19 18:30:00+00:00,999996233.2663366,6.403886038230944e-06,
2024-03-19 18:45:00+00:00,999996214.2660924,6.422886232204661e-06,
2024-03-19 19:00:00+00:00,999996229.5157262,6.407636638616765e-06,
2024-03-19 19:15:00+00:00,999996254.7659703,6.382386461112333e-06,
2024-03-19 19:30:00+00:00,999996269.76536,6.367387111017031e-06,
2024-03-19 19:45:00+00:00,999996318.2638952,6.318888703726877e-06,
2024-03-20 13:30:00+00:00,999996389.2660924,6.247886693677707e-06,
2024-03-20 13:45:00+00:00,999996225.2646276,6.411887726098797e-06,
2024-03-20 14:00:00+00:00,999996130.3649794,6.506787123994329e-06,
2024-03-20 14:15:00+00:00,999996130.3649794,6.506787123994329e-06,
2024-03-20 14:30:00+00:00,999996130.3649794,6.506787123994329e-06,
2024-03-20 14:45:00+00:00,999996130.3649794,6.506787123994329e-06,
2024-03-20 15:00:00+00:00,999996130.3649794,6.506787123994329e-06,
2024-03-20 15:15:00+00:00,999996130.3649794,6.506787123994329e-06,
2024-03-20 15:30:00+00:00,999996061.1818556,6.575970065370029e-06,
2024-03-20 15:45:00+00:00,999996104.1811231,6.5329709112438294e-06,
2024-03-20 16:00:00+00:00,999996122.1803907,6.5149716911294675e-06,
2024-03-20 16:15:00+00:00,999996089.1817335,6.547970261339131e-06,
2024-03-20 16:30:00+00:00,999996089.1817335,6.547970261339131e-06,
2024-03-20 16:45:00+00:00,999996106.6805128,6.530471528098936e-06,
2024-03-20 17:00:00+00:00,999996062.1797804,6.574972143180702e-06,
2024-03-20 17:15:00+00:00,999996069.1805128,6.567971429283226e-06,
2024-03-20 17:30:00+00:00,999995972.1803907,6.664971295533562e-06,
2024-03-20 17:45:00+00:00,999995954.348251,6.682803388224912e-06,
2024-03-20 18:00:00+00:00,999995954.348251,6.682803388224912e-06,
2024-03-20 18:15:00+00:00,999995865.9968837,6.771154522411393e-06,
2024-03-20 18:30:00+00:00,999995760.1322311,6.877018895901088e-06,
2024-03-20 18:45:00+00:00,999995712.251744,6.924899256688377e-06,
2024-03-20 19:00:00+00:00,999995698.253331,6.9388976329243235e-06,
2024-03-20 19:15:00+00:00,999995788.2527206,6.848898480571464e-06,
2024-03-20 19:30:00+00:00,999995793.2514999,6.843899714503721e-06,
2024-03-20 19:45:00+00:00,999995840.251622,6.796899716388083e-06,
2024-03-21 13:30:00+00:00,999995973.253331,6.663898358127973e-06,
2024-03-21 13:45:00+00:00,999995990.251622,6.6469001118729665e-06,
2024-03-21 14:00:00+00:00,999996010.753331,6.626398457054705e-06,
2024-03-21 14:15:00+00:00,999996020.253453,6.6168983600123354e-06,42 days 18:15:00
